ID,URL,Festival,Town,Province,Dates,DetailsLink,TownLink,Name1,Name2
1,https://fiestas.net/espana/,Fiesta Mayor de Invierno 2018,Salou,Tarragona,del 25 de enero al 4 de febrero,https://fiestas.net/salou/fiesta-mayor-invierno-2018/,https://fiestas.net/salou/,,Fiesta Mayor de Invierno 2018
2,https://fiestas.net/espana/,Carnaval 2018,Las Palmas de Gran Canaria,Las Palmas,del 26 de enero al 18 de febrero,https://fiestas.net/las-palmas-gran-canaria/carnaval-2018/,https://fiestas.net/las-palmas-gran-canaria/,,Carnaval 2018
3,https://fiestas.net/espana/,Carnaval 2018,Vinarós,Castellón,del 27 de enero al 12 de febrero,https://fiestas.net/vinaros/carnaval-2018/,https://fiestas.net/vinaros/,,Carnaval 2018
4,https://fiestas.net/espana/,Procesión del Jesuset del Miracle,Alcoy,Alicante,31 de enero (Aprox.),,https://fiestas.net/alcoy/,Procesión del Jesuset del Miracle,
5,https://fiestas.net/espana/,Entroido 2018,Verín,Ourense,del 1 de febrero al 13 de febrero,https://fiestas.net/verin/entroido-2018/,https://fiestas.net/verin/,,Entroido 2018
6,https://fiestas.net/espana/,Fiestas de la Candelas 2018,Arbancón,Guadalajara,del 1 de febrero al 4 de febrero,https://fiestas.net/arbancon/candelas-2018/,https://fiestas.net/arbancon/,,Fiestas de la Candelas 2018
7,https://fiestas.net/espana/,Carnaval 2018,Tarragona,,del 2 de febrero al 13 de febrero,https://fiestas.net/tarragona/carnaval-2018/,https://fiestas.net/tarragona/,,Carnaval 2018
8,https://fiestas.net/espana/,Feria de la Candelaria 2018,Molins de Rei,Barcelona,del 2 de febrero al 4 de febrero,https://fiestas.net/molins-rei/feria-candelaria-2018/,https://fiestas.net/molins-rei/,,Feria de la Candelaria 2018
9,https://fiestas.net/espana/,La Candelaria 2018,Dos Torres,Córdoba,del 2 de febrero al 4 de febrero,https://fiestas.net/dos-torres/candelaria-2018/,https://fiestas.net/dos-torres/,,La Candelaria 2018
10,https://fiestas.net/espana/,Las Candelas,Almendralejo,Badajoz,2 de febrero (Aprox.),,https://fiestas.net/almendralejo/,Las Candelas,
11,https://fiestas.net/espana/2/,Moros y Cristianos a San Blas,Bocairente,Valencia,5 de febrero (Aprox.),,https://fiestas.net/bocairente/,Moros y Cristianos a San Blas,
12,https://fiestas.net/espana/2/,Santa Águeda,Cogolludo,Guadalajara,5 de febrero (Aprox.),,https://fiestas.net/cogolludo/,Santa Águeda,
13,https://fiestas.net/espana/3/,El Vitor,San Esteban del Valle,Ávila,del 5 de febrero al 11 de febrero,,https://fiestas.net/san-esteban-valle/,El Vitor,
14,https://fiestas.net/espana/3/,Carnaval de Cádiz 2018,Cádiz,,del 8 de febrero al 18 de febrero,https://fiestas.net/cadiz/carnaval-2018/,https://fiestas.net/cadiz/,,Carnaval de Cádiz 2018
15,https://fiestas.net/espana/3/,Ferias de Febrero,Tafalla,Navarra,8 de febrero (Aprox.),,https://fiestas.net/tafalla/,Ferias de Febrero,
16,https://fiestas.net/espana/3/,Carnaval del Toro 2018,Ciudad Rodrigo,Salamanca,del 9 de febrero al 13 de febrero,https://fiestas.net/ciudad-rodrigo/carnaval-toro-2018/,https://fiestas.net/ciudad-rodrigo/,,Carnaval del Toro 2018
17,https://fiestas.net/espana/3/,Carnaval 2018,Santa Cruz de Tenerife,Tenerife,del 9 de febrero al 14 de febrero,https://fiestas.net/santa-cruz-tenerife/carnaval-2018/,https://fiestas.net/santa-cruz-tenerife/,,Carnaval 2018
18,https://fiestas.net/espana/3/,Carnaval 2018,Tarazona de la Mancha,Albacete,del 10 de febrero al 18 de febrero,https://fiestas.net/tarazona-la-mancha/carnaval-2018/,https://fiestas.net/tarazona-la-mancha/,,Carnaval 2018
19,https://fiestas.net/espana/3/,Santa Eulalia,Barcelona,,12 de febrero (Aprox.),,https://fiestas.net/barcelona/,Santa Eulalia,
20,https://fiestas.net/espana/3/,Carnaval,Águilas,Murcia,15 de febrero (Aprox.),,https://fiestas.net/aguilas/,Carnaval,
21,https://fiestas.net/espana/3/,Carnaval,Badajoz,,15 de febrero (Aprox.),,https://fiestas.net/badajoz/,Carnaval,
22,https://fiestas.net/espana/3/,Entroido,Xinzo de Limia,Ourense,15 de febrero (Aprox.),,https://fiestas.net/xinzo-limia/,Entroido,
23,https://fiestas.net/espana/2/,Fiesta de los Arrieros 2018,Balsareny,Barcelona,del 2 de febrero al 4 de febrero,https://fiestas.net/balsareny/fiesta-arrieros-2018/,https://fiestas.net/balsareny/,,Fiesta de los Arrieros 2018
24,https://fiestas.net/espana/2/,Las Candelas y Romería de San Blás,Cáceres,,del 2 de febrero al 3 de febrero,,https://fiestas.net/caceres/,Las Candelas y Romería de San Blás,
25,https://fiestas.net/espana/2/,La Vaquilla,Colmenar Viejo,Madrid,2 de febrero (Aprox.),,https://fiestas.net/colmenar-viejo/,La Vaquilla,
26,https://fiestas.net/espana/2/,Virgen de la Candelaria,La Ametlla de Mar,Tarragona,2 de febrero (Aprox.),,https://fiestas.net/ametlla-mar/,Virgen de la Candelaria,
27,https://fiestas.net/espana/2/,Carnaval 2018,Tolosa,Guipúzcoa,del 3 de febrero al 13 de febrero,https://fiestas.net/tolosa/carnaval-2018/,https://fiestas.net/tolosa/,,Carnaval 2018
28,https://fiestas.net/espana/2/,Los Negritos de San Blas,Montehermoso,Cáceres,3 de febrero (Aprox.),,https://fiestas.net/montehermoso/,Los Negritos de San Blas,
29,https://fiestas.net/espana/2/,San Blas,Valdemorillo,Madrid,3 de febrero (Aprox.),,https://fiestas.net/valdemorillo/,San Blas,
30,https://fiestas.net/espana/2/,Feira do Cocido 2018,Lalín,Pontevedra,4 de febrero,https://fiestas.net/lalin/feira-do-cocido-2018/,https://fiestas.net/lalin/,,Feira do Cocido 2018
31,https://fiestas.net/espana/2/,Moros y Cristianos a San Blas,Bocairente,Valencia,5 de febrero (Aprox.),,https://fiestas.net/bocairente/,Moros y Cristianos a San Blas,
32,https://fiestas.net/espana/2/,Santa Águeda,Cogolludo,Guadalajara,5 de febrero (Aprox.),,https://fiestas.net/cogolludo/,Santa Águeda,
33,https://fiestas.net/espana/1/,Fiesta Mayor de Invierno 2018,Salou,Tarragona,del 25 de enero al 4 de febrero,https://fiestas.net/salou/fiesta-mayor-invierno-2018/,https://fiestas.net/salou/,,Fiesta Mayor de Invierno 2018
34,https://fiestas.net/espana/1/,Carnaval 2018,Las Palmas de Gran Canaria,Las Palmas,del 26 de enero al 18 de febrero,https://fiestas.net/las-palmas-gran-canaria/carnaval-2018/,https://fiestas.net/las-palmas-gran-canaria/,,Carnaval 2018
35,https://fiestas.net/espana/1/,Carnaval 2018,Vinarós,Castellón,del 27 de enero al 12 de febrero,https://fiestas.net/vinaros/carnaval-2018/,https://fiestas.net/vinaros/,,Carnaval 2018
36,https://fiestas.net/espana/1/,Procesión del Jesuset del Miracle,Alcoy,Alicante,31 de enero (Aprox.),,https://fiestas.net/alcoy/,Procesión del Jesuset del Miracle,
37,https://fiestas.net/espana/1/,Entroido 2018,Verín,Ourense,del 1 de febrero al 13 de febrero,https://fiestas.net/verin/entroido-2018/,https://fiestas.net/verin/,,Entroido 2018
38,https://fiestas.net/espana/1/,Fiestas de la Candelas 2018,Arbancón,Guadalajara,del 1 de febrero al 4 de febrero,https://fiestas.net/arbancon/candelas-2018/,https://fiestas.net/arbancon/,,Fiestas de la Candelas 2018
39,https://fiestas.net/espana/1/,Carnaval 2018,Tarragona,,del 2 de febrero al 13 de febrero,https://fiestas.net/tarragona/carnaval-2018/,https://fiestas.net/tarragona/,,Carnaval 2018
40,https://fiestas.net/espana/1/,Feria de la Candelaria 2018,Molins de Rei,Barcelona,del 2 de febrero al 4 de febrero,https://fiestas.net/molins-rei/feria-candelaria-2018/,https://fiestas.net/molins-rei/,,Feria de la Candelaria 2018
41,https://fiestas.net/espana/1/,La Candelaria 2018,Dos Torres,Córdoba,del 2 de febrero al 4 de febrero,https://fiestas.net/dos-torres/candelaria-2018/,https://fiestas.net/dos-torres/,,La Candelaria 2018
42,https://fiestas.net/espana/1/,Las Candelas,Almendralejo,Badajoz,2 de febrero (Aprox.),,https://fiestas.net/almendralejo/,Las Candelas,
43,https://fiestas.net/espana/2/,Fiesta de los Arrieros 2018,Balsareny,Barcelona,del 2 de febrero al 4 de febrero,https://fiestas.net/balsareny/fiesta-arrieros-2018/,https://fiestas.net/balsareny/,,Fiesta de los Arrieros 2018
44,https://fiestas.net/espana/2/,Las Candelas y Romería de San Blás,Cáceres,,del 2 de febrero al 3 de febrero,,https://fiestas.net/caceres/,Las Candelas y Romería de San Blás,
45,https://fiestas.net/espana/2/,La Vaquilla,Colmenar Viejo,Madrid,2 de febrero (Aprox.),,https://fiestas.net/colmenar-viejo/,La Vaquilla,
46,https://fiestas.net/espana/2/,Virgen de la Candelaria,La Ametlla de Mar,Tarragona,2 de febrero (Aprox.),,https://fiestas.net/ametlla-mar/,Virgen de la Candelaria,
47,https://fiestas.net/espana/2/,Carnaval 2018,Tolosa,Guipúzcoa,del 3 de febrero al 13 de febrero,https://fiestas.net/tolosa/carnaval-2018/,https://fiestas.net/tolosa/,,Carnaval 2018
48,https://fiestas.net/espana/2/,Los Negritos de San Blas,Montehermoso,Cáceres,3 de febrero (Aprox.),,https://fiestas.net/montehermoso/,Los Negritos de San Blas,
49,https://fiestas.net/espana/2/,San Blas,Valdemorillo,Madrid,3 de febrero (Aprox.),,https://fiestas.net/valdemorillo/,San Blas,
50,https://fiestas.net/espana/2/,Feira do Cocido 2018,Lalín,Pontevedra,4 de febrero,https://fiestas.net/lalin/feira-do-cocido-2018/,https://fiestas.net/lalin/,,Feira do Cocido 2018
51,https://fiestas.net/espana/2/,Moros y Cristianos a San Blas,Bocairente,Valencia,5 de febrero (Aprox.),,https://fiestas.net/bocairente/,Moros y Cristianos a San Blas,
52,https://fiestas.net/espana/2/,Santa Águeda,Cogolludo,Guadalajara,5 de febrero (Aprox.),,https://fiestas.net/cogolludo/,Santa Águeda,
53,https://fiestas.net/espana/3/,El Vitor,San Esteban del Valle,Ávila,del 5 de febrero al 11 de febrero,,https://fiestas.net/san-esteban-valle/,El Vitor,
54,https://fiestas.net/espana/3/,Carnaval de Cádiz 2018,Cádiz,,del 8 de febrero al 18 de febrero,https://fiestas.net/cadiz/carnaval-2018/,https://fiestas.net/cadiz/,,Carnaval de Cádiz 2018
55,https://fiestas.net/espana/3/,Ferias de Febrero,Tafalla,Navarra,8 de febrero (Aprox.),,https://fiestas.net/tafalla/,Ferias de Febrero,
56,https://fiestas.net/espana/3/,Carnaval del Toro 2018,Ciudad Rodrigo,Salamanca,del 9 de febrero al 13 de febrero,https://fiestas.net/ciudad-rodrigo/carnaval-toro-2018/,https://fiestas.net/ciudad-rodrigo/,,Carnaval del Toro 2018
57,https://fiestas.net/espana/3/,Carnaval 2018,Santa Cruz de Tenerife,Tenerife,del 9 de febrero al 14 de febrero,https://fiestas.net/santa-cruz-tenerife/carnaval-2018/,https://fiestas.net/santa-cruz-tenerife/,,Carnaval 2018
58,https://fiestas.net/espana/3/,Carnaval 2018,Tarazona de la Mancha,Albacete,del 10 de febrero al 18 de febrero,https://fiestas.net/tarazona-la-mancha/carnaval-2018/,https://fiestas.net/tarazona-la-mancha/,,Carnaval 2018
59,https://fiestas.net/espana/3/,Santa Eulalia,Barcelona,,12 de febrero (Aprox.),,https://fiestas.net/barcelona/,Santa Eulalia,
60,https://fiestas.net/espana/3/,Carnaval,Águilas,Murcia,15 de febrero (Aprox.),,https://fiestas.net/aguilas/,Carnaval,
61,https://fiestas.net/espana/3/,Carnaval,Badajoz,,15 de febrero (Aprox.),,https://fiestas.net/badajoz/,Carnaval,
62,https://fiestas.net/espana/3/,Entroido,Xinzo de Limia,Ourense,15 de febrero (Aprox.),,https://fiestas.net/xinzo-limia/,Entroido,
63,https://fiestas.net/espana/4/,Antroxu,Avilés,Asturias,15 de febrero (Aprox.),,https://fiestas.net/aviles/,Antroxu,
64,https://fiestas.net/espana/4/,Carnavales,Ciudad Real,,15 de febrero (Aprox.),,https://fiestas.net/ciudad-real/,Carnavales,
65,https://fiestas.net/espana/4/,Carnaval,Córdoba,,15 de febrero (Aprox.),,https://fiestas.net/cordoba/,Carnaval,
66,https://fiestas.net/espana/4/,Carnaval,Fuenlabrada,Madrid,15 de febrero (Aprox.),,https://fiestas.net/fuenlabrada/,Carnaval,
67,https://fiestas.net/espana/4/,Carnaval,Fuentes de Andalucía,Sevilla,15 de febrero (Aprox.),,https://fiestas.net/fuentes-andalucia/,Carnaval,
68,https://fiestas.net/espana/4/,Antroxu,Gijón,Asturias,15 de febrero (Aprox.),,https://fiestas.net/gijon/,Antroxu,
69,https://fiestas.net/espana/4/,Carnaval,Herencia,Ciudad Real,15 de febrero (Aprox.),,https://fiestas.net/herencia/,Carnaval,
70,https://fiestas.net/espana/4/,Carnaval Churriego,Miguelturra,Ciudad Real,15 de febrero (Aprox.),,https://fiestas.net/miguelturra/,Carnaval Churriego,
71,https://fiestas.net/espana/4/,Carnaval,Navalmoral de la Mata,Cáceres,15 de febrero (Aprox.),,https://fiestas.net/navalmoral-la-mata/,Carnaval,
72,https://fiestas.net/espana/4/,Carnestoltes,Pego,Alicante,15 de febrero (Aprox.),,https://fiestas.net/pego/,Carnestoltes,
73,https://fiestas.net/espana/5/,Carnaval,Santoña,Cantabria,15 de febrero (Aprox.),,https://fiestas.net/santona/,Carnaval,
74,https://fiestas.net/espana/5/,Entroido da Ulla,Vedra,A Coruña,15 de febrero (Aprox.),,https://fiestas.net/vedra/,Entroido da Ulla,
75,https://fiestas.net/espana/5/,Entroido,Viana do Bolo,Ourense,15 de febrero (Aprox.),,https://fiestas.net/viana-do-bolo/,Entroido,
76,https://fiestas.net/espana/5/,Carnaval,Villanueva y Geltrú,Barcelona,15 de febrero (Aprox.),,https://fiestas.net/villanueva-geltru/,Carnaval,
77,https://fiestas.net/espana/5/,Carnaval,Villarrobledo,Albacete,15 de febrero (Aprox.),,https://fiestas.net/villarrobledo/,Carnaval,
78,https://fiestas.net/espana/5/,Carnaval,Bornos,Cádiz,15 de febrero (Aprox.),,https://fiestas.net/bornos/,Carnaval,
79,https://fiestas.net/espana/5/,Bodas de Isabel,Teruel,,16 de febrero (Aprox.),,https://fiestas.net/teruel/,Bodas de Isabel,
80,https://fiestas.net/espana/5/,Festa da Filloa,Boqueixón,A Coruña,18 de febrero (Aprox.),,https://fiestas.net/boqueijon/,Festa da Filloa,
81,https://fiestas.net/espana/5/,Feria del Angel,Fuentepelayo,Segovia,1 de marzo (Aprox.),,https://fiestas.net/fuentepelayo/,Feria del Angel,
82,https://fiestas.net/espana/5/,Festa do Queixo 2018,Arzúa,A Coruña,del 2 de marzo al 4 de marzo,https://fiestas.net/arzua/festa-do-queixo-2018/,https://fiestas.net/arzua/,,Festa do Queixo 2018
83,https://fiestas.net/espana/6/,Festa da Arribada 2018,Baiona,Pontevedra,del 2 de marzo al 4 de marzo,https://fiestas.net/bayona/festa-da-arribada-2018/,https://fiestas.net/bayona/,,Festa da Arribada 2018
84,https://fiestas.net/espana/6/,Cincomarzada,Zaragoza,,5 de marzo (Aprox.),,https://fiestas.net/zaragoza/,Cincomarzada,
85,https://fiestas.net/espana/6/,Fiestas de la Magdalena,Castellón de la Plana,Castellón,10 de marzo (Aprox.),,https://fiestas.net/castellon-plana/,Fiestas de la Magdalena,
86,https://fiestas.net/espana/6/,Las Fallas,Valencia,,del 15 de marzo al 19 de marzo,,https://fiestas.net/valencia/,Las Fallas,
87,https://fiestas.net/espana/6/,San Raimundo,Fitero,Navarra,15 de marzo (Aprox.),,https://fiestas.net/fitero/,San Raimundo,
88,https://fiestas.net/espana/6/,Noite das Pepitas,Ferrol,A Coruña,18 de marzo (Aprox.),,https://fiestas.net/ferrol/,Noite das Pepitas,
89,https://fiestas.net/espana/6/,Fallas,Benicarló,Castellón,19 de marzo (Aprox.),,https://fiestas.net/benicarlo/,Fallas,
90,https://fiestas.net/espana/6/,Fallas,Cullera,Valencia,19 de marzo (Aprox.),,https://fiestas.net/cullera/,Fallas,
91,https://fiestas.net/espana/6/,Fallas,Dénia,Alicante,19 de marzo (Aprox.),,https://fiestas.net/denia/,Fallas,
92,https://fiestas.net/espana/6/,San José,Mancha Real,Jaén,19 de marzo (Aprox.),,https://fiestas.net/mancha-real/,San José,
93,https://fiestas.net/espana/7/,Festa do Xabarín,Salceda de Caselas,Pontevedra,20 de marzo (Aprox.),,https://fiestas.net/salceda-caselas/,Festa do Xabarín,
94,https://fiestas.net/espana/7/,Cerezo en Flor,Cabezuela del Valle,Cáceres,25 de marzo (Aprox.),,https://fiestas.net/cabezuela-valle/,Cerezo en Flor,
95,https://fiestas.net/espana/7/,Semana Santa,Toledo,,28 de marzo (Aprox.),,https://fiestas.net/toledo/,Semana Santa,
96,https://fiestas.net/espana/7/,Mondas,Talavera de la Reina,Toledo,30 de marzo (Aprox.),,https://fiestas.net/talavera-la-reina/,Mondas,
97,https://fiestas.net/espana/7/,Cerezo en Flor,Rebollar,Cáceres,1 de abril (Aprox.),,https://fiestas.net/rebollar/,Cerezo en Flor,
98,https://fiestas.net/espana/7/,Fiesta de Pascua,Cacabelos,León,1 de abril (Aprox.),,https://fiestas.net/cacabelos/,Fiesta de Pascua,
99,https://fiestas.net/espana/7/,Festa da Ostra,Arcade,Pontevedra,3 de abril (Aprox.),,https://fiestas.net/arcade/,Festa da Ostra,
100,https://fiestas.net/espana/7/,Semana Santa,Calanda,Teruel,5 de abril (Aprox.),,https://fiestas.net/calanda/,Semana Santa,
101,https://fiestas.net/espana/7/,Feria de Abril 2018,Mairena del Alcor,Sevilla,del 5 de abril al 8 de abril,https://fiestas.net/mairena-del-alcor/feria-abril-2018/,https://fiestas.net/mairena-del-alcor/,,Feria de Abril 2018
102,https://fiestas.net/espana/7/,Los Picaos,San Vicente de la Sonsierra,La Rioja,5 de abril (Aprox.),,https://fiestas.net/san-vicente-la-sonsierra/,Los Picaos,
103,https://fiestas.net/espana/8/,Fiestas de la Veguilla,Benavente,Zamora,5 de abril (Aprox.),,https://fiestas.net/benavente/,Fiestas de la Veguilla,
104,https://fiestas.net/espana/8/,Pascua,Padrón,A Coruña,5 de abril (Aprox.),,https://fiestas.net/padron/,Pascua,
105,https://fiestas.net/espana/8/,Cerezo en Flor,Piornal,Cáceres,8 de abril (Aprox.),,https://fiestas.net/piornal/,Cerezo en Flor,
106,https://fiestas.net/espana/8/,Bando de la Huerta,Murcia,,10 de abril (Aprox.),,https://fiestas.net/murcia/,Bando de la Huerta,
107,https://fiestas.net/espana/8/,Romería a la Cueva Santa,Altura,Castellón,15 de abril (Aprox.),,https://fiestas.net/altura/,Romería a la Cueva Santa,
108,https://fiestas.net/espana/8/,San Telmo,Tui,Pontevedra,15 de abril (Aprox.),,https://fiestas.net/tuy/,San Telmo,
109,https://fiestas.net/espana/8/,Romería de Santo Toribio,Palencia,,16 de abril (Aprox.),,https://fiestas.net/palencia/,Romería de Santo Toribio,
110,https://fiestas.net/espana/8/,San Vicente,San Vicente del Raspeig,Alicante,16 de abril (Aprox.),,https://fiestas.net/san-vicente-raspeig/,San Vicente,
111,https://fiestas.net/espana/8/,Fiesta de La Charrada,Ciudad Rodrigo,Salamanca,18 de abril (Aprox.),,https://fiestas.net/ciudad-rodrigo/,Fiesta de La Charrada,
112,https://fiestas.net/espana/8/,Fiestas de Cullera,Cullera,Valencia,19 de abril (Aprox.),,https://fiestas.net/cullera/,Fiestas de Cullera,
113,https://fiestas.net/espana/9/,Feria de Abril,Sevilla,,20 de abril (Aprox.),,https://fiestas.net/sevilla/,Feria de Abril,
114,https://fiestas.net/espana/9/,Virgen de Sancho Abarca,Tauste,Zaragoza,del 20 de abril al 23 de abril,,https://fiestas.net/tauste/,Virgen de Sancho Abarca,
115,https://fiestas.net/espana/9/,Romería Virgen de la Cabeza 2018,Andújar,Jaén,del 21 de abril al 30 de abril,https://fiestas.net/andujar/romeria-virgen-cabeza-2018/,https://fiestas.net/andujar/,,Romería Virgen de la Cabeza 2018
116,https://fiestas.net/espana/9/,Moros y Cristianos,Alcoy,Alicante,del 22 de abril al 24 de abril,,https://fiestas.net/alcoy/,Moros y Cristianos,
117,https://fiestas.net/espana/9/,San Marcos,Beas de Segura,Jaén,del 22 de abril al 25 de abril,,https://fiestas.net/beas-segura/,San Marcos,
118,https://fiestas.net/espana/9/,San Jorge,Cáceres,,del 22 de abril al 23 de abril,,https://fiestas.net/caceres/,San Jorge,
119,https://fiestas.net/espana/9/,Moros y Cristianos en Honor a San Jorge,Bañeres de Mariola,Alicante,23 de abril (Aprox.),,https://fiestas.net/baneres-mariola/,Moros y Cristianos en Honor a San Jorge,
120,https://fiestas.net/espana/9/,Feria de Abril,Cártama,Málaga,23 de abril (Aprox.),,https://fiestas.net/cartama/,Feria de Abril,
121,https://fiestas.net/espana/9/,Día de la Faldeta,Fraga,Huesca,23 de abril (Aprox.),,https://fiestas.net/fraga/,Día de la Faldeta,
122,https://fiestas.net/espana/9/,San Jorge,Huesca,,23 de abril (Aprox.),,https://fiestas.net/huesca/,San Jorge,
123,https://fiestas.net/espana/10/,Fiesta del Olivo,Mora,Toledo,25 de abril (Aprox.),,https://fiestas.net/mora/,Fiesta del Olivo,
124,https://fiestas.net/espana/10/,San Marcos,Pamplona,Navarra,25 de abril (Aprox.),,https://fiestas.net/pamplona/,San Marcos,
125,https://fiestas.net/espana/10/,Festa da Lamprea 2018,Arbo,Pontevedra,del 27 de abril al 29 de abril,https://fiestas.net/arbo/festa-da-lamprea-2018/,https://fiestas.net/arbo/,,Festa da Lamprea 2018
126,https://fiestas.net/espana/10/,Fiesta de la Chanfaina,Fuente de Cantos,Badajoz,28 de abril (Aprox.),,https://fiestas.net/fuente-cantos/,Fiesta de la Chanfaina,
127,https://fiestas.net/espana/10/,Feira do Viño do Ribeiro,Ribadavia,Ourense,30 de abril (Aprox.),,https://fiestas.net/ribadavia/,Feira do Viño do Ribeiro,
128,https://fiestas.net/espana/10/,Nuestra Señora de Belén,Almansa,Albacete,del 1 de mayo al 6 de mayo,,https://fiestas.net/almansa/,Nuestra Señora de Belén,
129,https://fiestas.net/espana/10/,Feria de Dos Hermanas,Dos Hermanas,Sevilla,1 de mayo (Aprox.),,https://fiestas.net/dos-hermanas/,Feria de Dos Hermanas,
130,https://fiestas.net/espana/10/,Fiesta de la Maya,El Molar,Madrid,1 de mayo (Aprox.),,https://fiestas.net/el-molar/,Fiesta de la Maya,
131,https://fiestas.net/espana/10/,La Maya,Colmenar Viejo,Madrid,2 de mayo (Aprox.),,https://fiestas.net/colmenar-viejo/,La Maya,
132,https://fiestas.net/espana/10/,Santísima y Vera Cruz,Caravaca de la Cruz,Murcia,3 de mayo (Aprox.),,https://fiestas.net/caravaca-la-cruz/,Santísima y Vera Cruz,
133,https://fiestas.net/espana/11/,Primer Viernes de Mayo,Jaca,Huesca,3 de mayo (Aprox.),,https://fiestas.net/jaca/,Primer Viernes de Mayo,
134,https://fiestas.net/espana/11/,Santa Cruz,Abanilla,Murcia,3 de mayo (Aprox.),,https://fiestas.net/abanilla/,Santa Cruz,
135,https://fiestas.net/espana/11/,Los Mayos,Alhama de Murcia,Murcia,3 de mayo (Aprox.),,https://fiestas.net/alhama-murcia/,Los Mayos,
136,https://fiestas.net/espana/11/,Cruces de Mayo,Almonaster la Real,Huelva,3 de mayo (Aprox.),,https://fiestas.net/almonaster-la-real/,Cruces de Mayo,
137,https://fiestas.net/espana/11/,Fiesta de La Cruz,Añora,Córdoba,3 de mayo (Aprox.),,https://fiestas.net/anora/,Fiesta de La Cruz,
138,https://fiestas.net/espana/11/,Cruces de los Cuatro Esquinas,Bonares,Huelva,3 de mayo (Aprox.),,https://fiestas.net/bonares/,Cruces de los Cuatro Esquinas,
139,https://fiestas.net/espana/11/,Fiestas de Mayo,Borja,Zaragoza,3 de mayo (Aprox.),,https://fiestas.net/borja/,Fiestas de Mayo,
140,https://fiestas.net/espana/11/,Fiestas del Cristo,Colmenar de Oreja,Madrid,3 de mayo (Aprox.),,https://fiestas.net/colmenar-oreja/,Fiestas del Cristo,
141,https://fiestas.net/espana/11/,Fiesta de la Santa Cruz,Feria,Badajoz,3 de mayo (Aprox.),,https://fiestas.net/feria/,Fiesta de la Santa Cruz,
142,https://fiestas.net/espana/11/,Ferias y Fiestas de la Santa Cruz,Figueras,Gerona,3 de mayo (Aprox.),,https://fiestas.net/figueras/,Ferias y Fiestas de la Santa Cruz,
143,https://fiestas.net/espana/12/,Cruz de Mayo,Granada,,3 de mayo (Aprox.),,https://fiestas.net/granada/,Cruz de Mayo,
144,https://fiestas.net/espana/12/,Fiesta de la Cruz,Los Realejos,Tenerife,3 de mayo (Aprox.),,https://fiestas.net/realejos/,Fiesta de la Cruz,
145,https://fiestas.net/espana/12/,Os Maios,Ourense,,3 de mayo (Aprox.),,https://fiestas.net/ourense/,Os Maios,
146,https://fiestas.net/espana/12/,Fiestas de Mayo,Priego de Córdoba,Córdoba,3 de mayo (Aprox.),,https://fiestas.net/priego-cordoba/,Fiestas de Mayo,
147,https://fiestas.net/espana/12/,Ferias de Primavera,Sineu,Baleares,3 de mayo (Aprox.),,https://fiestas.net/sineu/,Ferias de Primavera,
148,https://fiestas.net/espana/12/,Cristo de la Viga,Villacañas,Toledo,3 de mayo (Aprox.),,https://fiestas.net/villacanas/,Cristo de la Viga,
149,https://fiestas.net/espana/12/,Fiestas Aracelitanas 2018,Lucena,Córdoba,del 4 de mayo al 7 de mayo,https://fiestas.net/lucena/aracelitanas-2018/,https://fiestas.net/lucena/,,Fiestas Aracelitanas 2018
150,https://fiestas.net/espana/12/,Otxomaio,Orduña,Vizcaya,8 de mayo (Aprox.),,https://fiestas.net/orduna/,Otxomaio,
151,https://fiestas.net/espana/12/,Fiestas del Santo,Santo Domingo de la Calzada,La Rioja,9 de mayo (Aprox.),,https://fiestas.net/santo-domingo-la-calzada/,Fiestas del Santo,
152,https://fiestas.net/espana/12/,A Ascensión,Santiago de Compostela,A Coruña,10 de mayo (Aprox.),,https://fiestas.net/santiago-compostela/,A Ascensión,
153,https://fiestas.net/espana/13/,Feria del Caballo,Jerez de la Frontera,Cádiz,10 de mayo (Aprox.),,https://fiestas.net/jerez-la-frontera/,Feria del Caballo,
154,https://fiestas.net/espana/13/,Feria de la Ascensión,Oviedo,Asturias,10 de mayo (Aprox.),,https://fiestas.net/oviedo/,Feria de la Ascensión,
155,https://fiestas.net/espana/13/,Festa do Choco,Redondela,Pontevedra,10 de mayo (Aprox.),,https://fiestas.net/redondela/,Festa do Choco,
156,https://fiestas.net/espana/13/,San Anastasio,Lérida,,11 de mayo (Aprox.),,https://fiestas.net/lerida/,San Anastasio,
157,https://fiestas.net/espana/13/,San Anastasio,Badalona,Barcelona,11 de mayo (Aprox.),,https://fiestas.net/badalona/,San Anastasio,
158,https://fiestas.net/espana/13/,Feria de Mayo,La Carolina,Jaén,13 de mayo (Aprox.),,https://fiestas.net/la-carolina/,Feria de Mayo,
159,https://fiestas.net/espana/13/,San Pedro Regalado,Valladolid,,13 de mayo (Aprox.),,https://fiestas.net/valladolid/,San Pedro Regalado,
160,https://fiestas.net/espana/13/,El Rocio,Almonte,Huelva,del 14 de mayo al 16 de mayo,,https://fiestas.net/almonte/,El Rocio,
161,https://fiestas.net/espana/13/,Fiestas de San Isidro,Madrid,,15 de mayo (Aprox.),,https://fiestas.net/madrid/,Fiestas de San Isidro,
162,https://fiestas.net/espana/13/,San Isidro,Azuqueca de Henares,Guadalajara,15 de mayo (Aprox.),,https://fiestas.net/azuqueca-henares/,San Isidro,
163,https://fiestas.net/espana/14/,San Isidro,Boimorto,A Coruña,15 de mayo (Aprox.),,https://fiestas.net/boimorto/,San Isidro,
164,https://fiestas.net/espana/14/,San Isidro Labrador,Estepona,Málaga,15 de mayo (Aprox.),,https://fiestas.net/estepona/,San Isidro Labrador,
165,https://fiestas.net/espana/14/,San Isidro,Fuente de Cantos,Badajoz,15 de mayo (Aprox.),,https://fiestas.net/fuente-cantos/,San Isidro,
166,https://fiestas.net/espana/14/,Feria Chica,Guadalajara,,15 de mayo (Aprox.),,https://fiestas.net/guadalajara/,Feria Chica,
167,https://fiestas.net/espana/14/,San Isidro Labrador,Valencia de Alcántara,Cáceres,15 de mayo (Aprox.),,https://fiestas.net/valencia-alcantara/,San Isidro Labrador,
168,https://fiestas.net/espana/14/,San Isidro,Yecla,Murcia,15 de mayo (Aprox.),,https://fiestas.net/yecla/,San Isidro,
169,https://fiestas.net/espana/14/,San Pascual Bailón,Almazán,Soria,17 de mayo (Aprox.),,https://fiestas.net/almazan/,San Pascual Bailón,
170,https://fiestas.net/espana/14/,San Pascual Bailón,Terrer,Zaragoza,17 de mayo (Aprox.),,https://fiestas.net/terrer/,San Pascual Bailón,
171,https://fiestas.net/espana/14/,Festa do Galo de Curral,Vila de Cruces,Pontevedra,18 de mayo (Aprox.),,https://fiestas.net/villa-cruces/,Festa do Galo de Curral,
172,https://fiestas.net/espana/14/,La Caballada,Atienza,Guadalajara,20 de mayo (Aprox.),,https://fiestas.net/atienza/,La Caballada,
173,https://fiestas.net/espana/15/,San Juan del Monte,Miranda de Ebro,Burgos,20 de mayo (Aprox.),,https://fiestas.net/miranda-ebro/,San Juan del Monte,
174,https://fiestas.net/espana/15/,Fiestas de Getafe,Getafe,Madrid,20 de mayo (Aprox.),,https://fiestas.net/getafe/,Fiestas de Getafe,
175,https://fiestas.net/espana/15/,Santa Quiteria,Almazora,Castellón,22 de mayo (Aprox.),,https://fiestas.net/almazora/,Santa Quiteria,
176,https://fiestas.net/espana/15/,Los Hombres de Musgo,Béjar,Salamanca,25 de mayo (Aprox.),,https://fiestas.net/bejar/,Los Hombres de Musgo,
177,https://fiestas.net/espana/15/,Feria de Mayo,Córdoba,,25 de mayo (Aprox.),,https://fiestas.net/cordoba/,Feria de Mayo,
178,https://fiestas.net/espana/15/,Corpus Christi,Granada,,25 de mayo (Aprox.),,https://fiestas.net/granada/,Corpus Christi,
179,https://fiestas.net/espana/15/,Corpus Christi,Toledo,,25 de mayo (Aprox.),,https://fiestas.net/toledo/,Corpus Christi,
180,https://fiestas.net/espana/15/,Corpus Christi,Villa de Mazo,Tenerife,25 de mayo (Aprox.),,https://fiestas.net/villa-mazo/,Corpus Christi,
181,https://fiestas.net/espana/15/,Festa do Boi,Allariz,Ourense,25 de mayo (Aprox.),,https://fiestas.net/allariz/,Festa do Boi,
182,https://fiestas.net/espana/15/,Fiestas del Toro Enmaromado,Benavente,Zamora,25 de mayo (Aprox.),,https://fiestas.net/benavente/,Fiestas del Toro Enmaromado,
183,https://fiestas.net/espana/16/,Pecados y Danzantes,Camuñas,Toledo,25 de mayo (Aprox.),,https://fiestas.net/camunas/,Pecados y Danzantes,
184,https://fiestas.net/espana/16/,Fiestas del Corpus,Daroca,Zaragoza,25 de mayo (Aprox.),,https://fiestas.net/daroca/,Fiestas del Corpus,
185,https://fiestas.net/espana/16/,Feria San Fernando,Cáceres,,28 de mayo (Aprox.),,https://fiestas.net/caceres/,Feria San Fernando,
186,https://fiestas.net/espana/16/,Feria Chica,Palencia,,28 de mayo (Aprox.),,https://fiestas.net/palencia/,Feria Chica,
187,https://fiestas.net/espana/16/,La Patum,Berga,Barcelona,29 de mayo (Aprox.),,https://fiestas.net/berga/,La Patum,
188,https://fiestas.net/espana/16/,Corpus,Cornellá de Llobregat,Barcelona,29 de mayo (Aprox.),,https://fiestas.net/cornella-llobregat/,Corpus,
189,https://fiestas.net/espana/16/,Corpus Christi,Lagartera,Toledo,29 de mayo (Aprox.),,https://fiestas.net/lagartera/,Corpus Christi,
190,https://fiestas.net/espana/16/,Corpus Christi,Zahara,Cádiz,29 de mayo (Aprox.),,https://fiestas.net/zahara/,Corpus Christi,
191,https://fiestas.net/espana/16/,Feria del Perro,Archidona,Málaga,30 de mayo (Aprox.),,https://fiestas.net/archidona/,Feria del Perro,
192,https://fiestas.net/espana/16/,Moros y Cristianos,Elda,Alicante,30 de mayo (Aprox.),,https://fiestas.net/elda/,Moros y Cristianos,
193,https://fiestas.net/espana/17/,Día del Caracol,Riogordo,Málaga,30 de mayo (Aprox.),,https://fiestas.net/riogordo/,Día del Caracol,
194,https://fiestas.net/espana/17/,Feria de Primavera,Antequera,Málaga,1 de junio (Aprox.),,https://fiestas.net/antequera/,Feria de Primavera,
195,https://fiestas.net/espana/17/,Corpus Christi,Laguna de Negrillos,León,1 de junio (Aprox.),,https://fiestas.net/laguna-negrillos/,Corpus Christi,
196,https://fiestas.net/espana/17/,O Corpus,Ponteareas,Pontevedra,5 de junio (Aprox.),,https://fiestas.net/ponteareas/,O Corpus,
197,https://fiestas.net/espana/17/,San Onofre,Cuart de Poblet,Valencia,9 de junio (Aprox.),,https://fiestas.net/cuart-poblet/,San Onofre,
198,https://fiestas.net/espana/17/,Fiesta del Curpillos,Burgos,,10 de junio (Aprox.),,https://fiestas.net/burgos/,Fiesta del Curpillos,
199,https://fiestas.net/espana/17/,Ferias,Plasencia,Cáceres,10 de junio (Aprox.),,https://fiestas.net/plasencia/,Ferias,
200,https://fiestas.net/espana/17/,Festa da Coca,Redondela,Pontevedra,10 de junio (Aprox.),,https://fiestas.net/redondela/,Festa da Coca,
201,https://fiestas.net/espana/17/,Fiestas de San Bernabé,Logroño,La Rioja,11 de junio (Aprox.),,https://fiestas.net/logrono/,Fiestas de San Bernabé,
202,https://fiestas.net/espana/17/,Feria y Fiestas San Bernabé,Marbella,Málaga,11 de junio (Aprox.),,https://fiestas.net/marbella/,Feria y Fiestas San Bernabé,
203,https://fiestas.net/espana/18/,Feria Real,Algeciras,Cádiz,15 de junio (Aprox.),,https://fiestas.net/algeciras/,Feria Real,
204,https://fiestas.net/espana/18/,Fallas Virgen de la Ribera,Puebla de Segur,Lérida,17 de junio (Aprox.),,https://fiestas.net/puebla-segur/,Fallas Virgen de la Ribera,
205,https://fiestas.net/espana/18/,Hogueras de San Juan,Alicante,,del 20 de junio al 24 de junio,,https://fiestas.net/alicante/,Hogueras de San Juan,
206,https://fiestas.net/espana/18/,Festas de Ourense,Ourense,,20 de junio (Aprox.),,https://fiestas.net/ourense/,Festas de Ourense,
207,https://fiestas.net/espana/18/,Fiestas Populares,Torrejón de Ardoz,Madrid,20 de junio (Aprox.),,https://fiestas.net/torrejon-ardoz/,Fiestas Populares,
208,https://fiestas.net/espana/18/,Ferias y Fiestas de San Pedro,Zamora,,del 22 de junio al 29 de junio,,https://fiestas.net/zamora/,Ferias y Fiestas de San Pedro,
209,https://fiestas.net/espana/18/,San Xoán,Carballo,A Coruña,del 22 de junio al 26 de junio,,https://fiestas.net/carballo/,San Xoán,
210,https://fiestas.net/espana/18/,San Xoán,A Coruña,,del 23 de junio al 24 de junio,,https://fiestas.net/coruna/,San Xoán,
211,https://fiestas.net/espana/18/,Noche de San Juan,Valladolid,,23 de junio (Aprox.),,https://fiestas.net/valladolid/,Noche de San Juan,
212,https://fiestas.net/espana/18/,Feria de San Juan,Badajoz,,24 de junio (Aprox.),,https://fiestas.net/badajoz/,Feria de San Juan,
213,https://fiestas.net/espana/19/,San Juan,Coria,Cáceres,24 de junio (Aprox.),,https://fiestas.net/coria/,San Juan,
214,https://fiestas.net/espana/19/,Fiestas Fundacionales,Las Palmas de Gran Canaria,Las Palmas,24 de junio (Aprox.),,https://fiestas.net/las-palmas-gran-canaria/,Fiestas Fundacionales,
215,https://fiestas.net/espana/19/,Fiestas de San Juan y San Pedro,León,,del 24 de junio al 29 de junio,,https://fiestas.net/leon/,Fiestas de San Juan y San Pedro,
216,https://fiestas.net/espana/19/,Ferias y Fiestas,Segovia,,del 24 de junio al 29 de junio,,https://fiestas.net/segovia/,Ferias y Fiestas,
217,https://fiestas.net/espana/19/,San Juan,Soria,,24 de junio (Aprox.),,https://fiestas.net/soria/,San Juan,
218,https://fiestas.net/espana/19/,Fiestas de San Isidro,El Ejido,Almería,24 de junio (Aprox.),,https://fiestas.net/ejido/,Fiestas de San Isidro,
219,https://fiestas.net/espana/19/,Fiestas del Capitán,Frías,Burgos,24 de junio (Aprox.),,https://fiestas.net/frias/,Fiestas del Capitán,
220,https://fiestas.net/espana/19/,Fiestas de San Juan,Lejona,Vizcaya,24 de junio (Aprox.),,https://fiestas.net/lejona/,Fiestas de San Juan,
221,https://fiestas.net/espana/19/,San Xuan,Mieres (Asturias),Asturias,24 de junio (Aprox.),,https://fiestas.net/mieres-asturias/,San Xuan,
222,https://fiestas.net/espana/19/,San Juan,San Pedro Manrique,Soria,24 de junio (Aprox.),,https://fiestas.net/san-pedro-manrique/,San Juan,
223,https://fiestas.net/espana/20/,San Juan,Tolosa,Guipúzcoa,24 de junio (Aprox.),,https://fiestas.net/tolosa/,San Juan,
224,https://fiestas.net/espana/20/,Fiesta Mayor de Valls,Valls,Tarragona,24 de junio (Aprox.),,https://fiestas.net/valls/,Fiesta Mayor de Valls,
225,https://fiestas.net/espana/20/,Feria y Fiestas de San Juan y San Pedro,Vinarós,Castellón,del 24 de junio al 29 de junio,,https://fiestas.net/vinaros/,Feria y Fiestas de San Juan y San Pedro,
226,https://fiestas.net/espana/20/,Compromiso de Caspe,Caspe,Zaragoza,25 de junio (Aprox.),,https://fiestas.net/caspe/,Compromiso de Caspe,
227,https://fiestas.net/espana/20/,San Pelayo,Castro-Urdiales,Cantabria,26 de junio (Aprox.),,https://fiestas.net/castro-urdiales/,San Pelayo,
228,https://fiestas.net/espana/20/,Fiestas de San Pedro y San Pablo,Burgos,,29 de junio (Aprox.),,https://fiestas.net/burgos/,Fiestas de San Pedro y San Pablo,
229,https://fiestas.net/espana/20/,Santa Marta,Bergondo,A Coruña,29 de junio (Aprox.),,https://fiestas.net/bergondo/,Santa Marta,
230,https://fiestas.net/espana/20/,Festas do Verán,Boiro,A Coruña,29 de junio (Aprox.),,https://fiestas.net/boiro/,Festas do Verán,
231,https://fiestas.net/espana/20/,San Pedro,Cudillero,Asturias,29 de junio (Aprox.),,https://fiestas.net/cudillero/,San Pedro,
232,https://fiestas.net/espana/20/,Fiestas de San Pedro,El Grao,Castellón,29 de junio (Aprox.),,https://fiestas.net/grao/,Fiestas de San Pedro,
233,https://fiestas.net/espana/21/,Batalla del Vino,Haro,La Rioja,29 de junio (Aprox.),,https://fiestas.net/haro/,Batalla del Vino,
234,https://fiestas.net/espana/21/,Fiestas de San Pedro y San Marcial,Irún,Guipúzcoa,del 29 de junio al 30 de junio,,https://fiestas.net/irun/,Fiestas de San Pedro y San Marcial,
235,https://fiestas.net/espana/21/,San Pedro,Munguía,Vizcaya,29 de junio (Aprox.),,https://fiestas.net/munguia/,San Pedro,
236,https://fiestas.net/espana/21/,Fiesta Mayor de Rubí,Rubí,Barcelona,29 de junio (Aprox.),,https://fiestas.net/rubi/,Fiesta Mayor de Rubí,
237,https://fiestas.net/espana/21/,San Pedro,Sestao,Vizcaya,29 de junio (Aprox.),,https://fiestas.net/sestao/,San Pedro,
238,https://fiestas.net/espana/21/,Feria de Julio,Valencia,,del 1 de julio al 31 de julio,,https://fiestas.net/valencia/,Feria de Julio,
239,https://fiestas.net/espana/21/,Fiestas de Visitación,Fuentesaúco,Zamora,2 de julio (Aprox.),,https://fiestas.net/fuentesauco/,Fiestas de Visitación,
240,https://fiestas.net/espana/21/,Coso Blanco,Castro-Urdiales,Cantabria,3 de julio (Aprox.),,https://fiestas.net/castro-urdiales/,Coso Blanco,
241,https://fiestas.net/espana/21/,A Rapa das Bestas,Sabucedo,Pontevedra,3 de julio (Aprox.),,https://fiestas.net/sabucedo/,A Rapa das Bestas,
242,https://fiestas.net/espana/21/,Fiesta del Corderu,Lena,Asturias,3 de julio (Aprox.),,https://fiestas.net/lena/,Fiesta del Corderu,
243,https://fiestas.net/espana/22/,Feria,Ginés,Sevilla,5 de julio (Aprox.),,https://fiestas.net/gines/,Feria,
244,https://fiestas.net/espana/22/,Verbena del Mantón,Ramales de la Victoria,Cantabria,6 de julio (Aprox.),,https://fiestas.net/ramales-la-victoria/,Verbena del Mantón,
245,https://fiestas.net/espana/22/,Sanfermines,Pamplona,Navarra,7 de julio (Aprox.),,https://fiestas.net/pamplona/,Sanfermines,
246,https://fiestas.net/espana/22/,Fiestas del Ángel,Teruel,,7 de julio (Aprox.),,https://fiestas.net/teruel/,Fiestas del Ángel,
247,https://fiestas.net/espana/22/,San Fermín,Lesaca,Navarra,7 de julio (Aprox.),,https://fiestas.net/lesaca/,San Fermín,
248,https://fiestas.net/espana/22/,Festival de la Sidra,Nava,Asturias,10 de julio (Aprox.),,https://fiestas.net/nava/,Festival de la Sidra,
249,https://fiestas.net/espana/22/,San Cristobal,Munébrega,Zaragoza,10 de julio (Aprox.),,https://fiestas.net/munebrega/,San Cristobal,
250,https://fiestas.net/espana/22/,San Benito,Barcenaciones,Cantabria,11 de julio (Aprox.),,https://fiestas.net/barcenaciones/,San Benito,
251,https://fiestas.net/espana/22/,Cristo del Rayo,Moratalla,Murcia,del 11 de julio al 17 de julio,,https://fiestas.net/moratalla/,Cristo del Rayo,
252,https://fiestas.net/espana/22/,Fiesta Mayor - Toros al Mar,Dénia,Alicante,12 de julio (Aprox.),,https://fiestas.net/denia/,Fiesta Mayor - Toros al Mar,
253,https://fiestas.net/espana/23/,Bajada de la Virgen,Santa Cruz de la Palma,Tenerife,15 de julio (Aprox.),,https://fiestas.net/santa-cruz-palma/,Bajada de la Virgen,
254,https://fiestas.net/espana/23/,Feria y Fiestas,Manzanares,Ciudad Real,15 de julio (Aprox.),,https://fiestas.net/manzanares/,Feria y Fiestas,
255,https://fiestas.net/espana/23/,Las Carrilanas - Esteiro,Muros,A Coruña,del 15 de julio al 16 de julio,,https://fiestas.net/muros/,Las Carrilanas - Esteiro,
256,https://fiestas.net/espana/23/,Fiestas de los Fueros,Sepúlveda,Segovia,15 de julio (Aprox.),,https://fiestas.net/sepulveda/,Fiestas de los Fueros,
257,https://fiestas.net/espana/23/,Virgen del Carmen,Baracaldo,Vizcaya,16 de julio (Aprox.),,https://fiestas.net/baracaldo/,Virgen del Carmen,
258,https://fiestas.net/espana/23/,Virxe do Carme,Camariñas,A Coruña,16 de julio (Aprox.),,https://fiestas.net/camarinas/,Virxe do Carme,
259,https://fiestas.net/espana/23/,Fiestas del Carmen,Molina de Aragón,Guadalajara,16 de julio (Aprox.),,https://fiestas.net/molina-aragon/,Fiestas del Carmen,
260,https://fiestas.net/espana/23/,Virgen del Carmen,Rincon de la Victoria,Málaga,16 de julio (Aprox.),,https://fiestas.net/rincon-victoria/,Virgen del Carmen,
261,https://fiestas.net/espana/23/,Feria del Carmen y de la Sal,San Fernando,Cádiz,16 de julio (Aprox.),,https://fiestas.net/san-fernando/,Feria del Carmen y de la Sal,
262,https://fiestas.net/espana/23/,Virgen del Carmen,Santurce,Vizcaya,16 de julio (Aprox.),,https://fiestas.net/santurce/,Virgen del Carmen,
263,https://fiestas.net/espana/24/,Batalla de Bailén,Bailén,Jaén,19 de julio (Aprox.),,https://fiestas.net/bailen/,Batalla de Bailén,
264,https://fiestas.net/espana/24/,Santas Justa y Rufina,Manises,Valencia,19 de julio (Aprox.),,https://fiestas.net/manises/,Santas Justa y Rufina,
265,https://fiestas.net/espana/24/,Moros y Cristianos 2018,Oliva,Valencia,del 19 de julio al 22 de julio,https://fiestas.net/oliva/moros-cristianos-2018/,https://fiestas.net/oliva/,,Moros y Cristianos 2018
266,https://fiestas.net/espana/24/,Fiestas de Verano,Ávila,,20 de julio (Aprox.),,https://fiestas.net/avila/,Fiestas de Verano,
267,https://fiestas.net/espana/24/,Santa Margarita,A Laracha,A Coruña,20 de julio (Aprox.),,https://fiestas.net/laracha/,Santa Margarita,
268,https://fiestas.net/espana/24/,Festas do Mar,Ares,A Coruña,del 21 de julio al 23 de julio,,https://fiestas.net/ares/,Festas do Mar,
269,https://fiestas.net/espana/24/,Fiestas Populares,Cabanillas del Campo,Guadalajara,22 de julio (Aprox.),,https://fiestas.net/cabanillas-del-campo/,Fiestas Populares,
270,https://fiestas.net/espana/24/,Santa María Magdalena,Llanes,Asturias,22 de julio (Aprox.),,https://fiestas.net/llanes/,Santa María Magdalena,
271,https://fiestas.net/espana/24/,Santa María Magdalena,Viana,Navarra,22 de julio (Aprox.),,https://fiestas.net/viana/,Santa María Magdalena,
272,https://fiestas.net/espana/24/,Juegos Moriscos de Aben Humeya,Purchena,Almería,23 de julio (Aprox.),,https://fiestas.net/purchena/,Juegos Moriscos de Aben Humeya,
273,https://fiestas.net/espana/25/,Fiesta del Renacimiento,Tortosa,Tarragona,23 de julio (Aprox.),,https://fiestas.net/tortosa/,Fiesta del Renacimiento,
274,https://fiestas.net/espana/25/,Moros y Cristianos 2018,Villajoyosa,Alicante,del 24 de julio al 31 de julio,https://fiestas.net/villajoyosa/moros-cristianos-2018/,https://fiestas.net/villajoyosa/,,Moros y Cristianos 2018
275,https://fiestas.net/espana/25/,Festa da Dorna,Riveira,A Coruña,24 de julio (Aprox.),,https://fiestas.net/riveira/,Festa da Dorna,
276,https://fiestas.net/espana/25/,Semana Grande,Santander,Cantabria,25 de julio (Aprox.),,https://fiestas.net/santander/,Semana Grande,
277,https://fiestas.net/espana/25/,Apóstolo,Santiago de Compostela,A Coruña,25 de julio (Aprox.),,https://fiestas.net/santiago-compostela/,Apóstolo,
278,https://fiestas.net/espana/25/,Santiago,Alcudia,Baleares,25 de julio (Aprox.),,https://fiestas.net/alcudia/,Santiago,
279,https://fiestas.net/espana/25/,Fiesta del Pastor,Cangas de Onís,Asturias,25 de julio (Aprox.),,https://fiestas.net/cangas-onis/,Fiesta del Pastor,
280,https://fiestas.net/espana/25/,Fiesta Mayor en honor a Santiago Apóstol,Collado Villalba,Madrid,25 de julio (Aprox.),,https://fiestas.net/collado-villalba/,Fiesta Mayor en honor a Santiago Apóstol,
281,https://fiestas.net/espana/25/,Las Santas,Mataró,Barcelona,del 25 de julio al 29 de julio,,https://fiestas.net/mataro/,Las Santas,
282,https://fiestas.net/espana/25/,Fiestas de Santiago,Totana,Murcia,25 de julio (Aprox.),,https://fiestas.net/totana/,Fiestas de Santiago,
283,https://fiestas.net/espana/26/,Santiago Apóstol,Villanueva de la Cañada,Madrid,25 de julio (Aprox.),,https://fiestas.net/villanueva-la-canada/,Santiago Apóstol,
284,https://fiestas.net/espana/26/,Santa Ana,Blanes,Gerona,26 de julio (Aprox.),,https://fiestas.net/blanes/,Santa Ana,
285,https://fiestas.net/espana/26/,Santa Ana y Virgen del Carmen,Candelaria,Tenerife,26 de julio (Aprox.),,https://fiestas.net/candelaria/,Santa Ana y Virgen del Carmen,
286,https://fiestas.net/espana/26/,Santa Ana,El Viso,Córdoba,26 de julio (Aprox.),,https://fiestas.net/el-viso/,Santa Ana,
287,https://fiestas.net/espana/26/,Santa Ana,Ordizia,Guipúzcoa,26 de julio (Aprox.),,https://fiestas.net/ordizia/,Santa Ana,
288,https://fiestas.net/espana/26/,Santa Ana - Puerto,Roquetas de Mar,Almería,26 de julio (Aprox.),,https://fiestas.net/roquetas-mar/,Santa Ana - Puerto,
289,https://fiestas.net/espana/26/,Santa Ana,Tudela,Navarra,26 de julio (Aprox.),,https://fiestas.net/tudela/,Santa Ana,
290,https://fiestas.net/espana/26/,San Pantaleón,Escobedo,Cantabria,27 de julio (Aprox.),,https://fiestas.net/escobedo/,San Pantaleón,
291,https://fiestas.net/espana/26/,La Vaqueirada,Valdés,Asturias,28 de julio (Aprox.),,https://fiestas.net/valdes/,La Vaqueirada,
292,https://fiestas.net/espana/26/,Festa do Carneiro ó Espeto,Moraña,Pontevedra,28 de julio (Aprox.),,https://fiestas.net/morana/,Festa do Carneiro ó Espeto,
293,https://fiestas.net/espana/27/,La Pandorga,Ciudad Real,,del 30 de julio al 31 de julio,,https://fiestas.net/ciudad-real/,La Pandorga,
294,https://fiestas.net/espana/27/,"Santos de la Piedra,San Abdón y Senén",Almoradí,Alicante,30 de julio (Aprox.),,https://fiestas.net/almoradi/,"Santos de la Piedra,San Abdón y Senén",
295,https://fiestas.net/espana/27/,Festas de Maria Pita,A Coruña,,del 1 de agosto al 25 de agosto,,https://fiestas.net/coruna/,Festas de Maria Pita,
296,https://fiestas.net/espana/27/,Festas do Cristo da Victoria,Vigo,Pontevedra,1 de agosto (Aprox.),,https://fiestas.net/vigo/,Festas do Cristo da Victoria,
297,https://fiestas.net/espana/27/,San Félix y Festival de la Sardina,Candás,Asturias,1 de agosto (Aprox.),,https://fiestas.net/candas/,San Félix y Festival de la Sardina,
298,https://fiestas.net/espana/27/,La Alvarada,Cañete,Cuenca,1 de agosto (Aprox.),,https://fiestas.net/canete/,La Alvarada,
299,https://fiestas.net/espana/27/,Fiesta Barroca,Lerma,Burgos,1 de agosto (Aprox.),,https://fiestas.net/lerma/,Fiesta Barroca,
300,https://fiestas.net/espana/27/,Festa do Viño Alvariño,Cambados,Pontevedra,3 de agosto (Aprox.),,https://fiestas.net/cambados/,Festa do Viño Alvariño,
301,https://fiestas.net/espana/27/,Fiesta de la Paella Ollerense en Olleros de Pisuerga,Aguilar de Campoo,Palencia,3 de agosto (Aprox.),,https://fiestas.net/aguilar-campoo/,Fiesta de la Paella Ollerense en Olleros de Pisuerga,
302,https://fiestas.net/espana/27/,Romaría Vikinga,Catoira,Pontevedra,3 de agosto (Aprox.),,https://fiestas.net/catoira/,Romaría Vikinga,
303,https://fiestas.net/espana/28/,Fiestas Colombinas,Huelva,,3 de agosto (Aprox.),,https://fiestas.net/huelva/,Fiestas Colombinas,
304,https://fiestas.net/espana/28/,Fiesta de las Nieves - La Rama,Agaete,Las Palmas,5 de agosto (Aprox.),,https://fiestas.net/agaete/,Fiesta de las Nieves - La Rama,
305,https://fiestas.net/espana/28/,Fiestas de la Virgen Blanca,Vitoria,Álava,5 de agosto (Aprox.),,https://fiestas.net/vitoria/,Fiestas de la Virgen Blanca,
306,https://fiestas.net/espana/28/,Fiestas de Estella,Estella,Navarra,5 de agosto (Aprox.),,https://fiestas.net/estella/,Fiestas de Estella,
307,https://fiestas.net/espana/28/,Feira do Pemento,Oímbra,Ourense,5 de agosto (Aprox.),,https://fiestas.net/oimbra/,Feira do Pemento,
308,https://fiestas.net/espana/28/,El Salvador,La Roda,Albacete,6 de agosto (Aprox.),,https://fiestas.net/roda/,El Salvador,
309,https://fiestas.net/espana/28/,"San Cayetano, San Lorenzo y La Paloma",Centro,Madrid,del 7 de agosto al 15 de agosto,,https://fiestas.net/centro/,"San Cayetano, San Lorenzo y La Paloma",
310,https://fiestas.net/espana/28/,San Lorenzo,Huesca,,del 9 de agosto al 15 de agosto,,https://fiestas.net/huesca/,San Lorenzo,
311,https://fiestas.net/espana/28/,Virgen de la Asunción,Elche,Alicante,del 10 de agosto al 15 de agosto,,https://fiestas.net/elche/,Virgen de la Asunción,
312,https://fiestas.net/espana/28/,Festas da Peregrina,Pontevedra,,10 de agosto (Aprox.),,https://fiestas.net/pontevedra/,Festas da Peregrina,
313,https://fiestas.net/espana/29/,Día Regional de Cantabria,Cabezón de la Sal,Cantabria,13 de agosto (Aprox.),,https://fiestas.net/cabezon-sal/,Día Regional de Cantabria,
314,https://fiestas.net/espana/29/,San Roque,Betanzos,A Coruña,del 14 de agosto al 25 de agosto,,https://fiestas.net/betanzos/,San Roque,
315,https://fiestas.net/espana/29/,Virgen Bella y San Roque,Lepe,Huelva,del 14 de agosto al 16 de agosto,,https://fiestas.net/lepe/,Virgen Bella y San Roque,
316,https://fiestas.net/espana/29/,San Magín,Tarragona,,del 14 de agosto al 19 de agosto,,https://fiestas.net/tarragona/,San Magín,
317,https://fiestas.net/espana/29/,Virgen del Rosario y San Roque,Carchelejo,Jaén,del 15 de agosto al 16 de agosto,,https://fiestas.net/carchelejo/,Virgen del Rosario y San Roque,
318,https://fiestas.net/espana/29/,Feria y Fiestas,Ciudad Real,,del 15 de agosto al 22 de agosto,,https://fiestas.net/ciudad-real/,Feria y Fiestas,
319,https://fiestas.net/espana/29/,Feria de Agosto,Játiva,Valencia,del 15 de agosto al 20 de agosto,,https://fiestas.net/jativa/,Feria de Agosto,
320,https://fiestas.net/espana/29/,Semana Grande,San Sebastián,Guipúzcoa,15 de agosto (Aprox.),,https://fiestas.net/san-sebastian/,Semana Grande,
321,https://fiestas.net/espana/29/,Virgen del Sagrario,Toledo,,15 de agosto (Aprox.),,https://fiestas.net/toledo/,Virgen del Sagrario,
322,https://fiestas.net/espana/29/,Fiestas de la Virgen Grande,Torrelavega,Cantabria,15 de agosto (Aprox.),,https://fiestas.net/torrelavega/,Fiestas de la Virgen Grande,
323,https://fiestas.net/espana/30/,Descenso Internacional del Pisuerga,Alar del Rey,Palencia,15 de agosto (Aprox.),,https://fiestas.net/alar-rey/,Descenso Internacional del Pisuerga,
324,https://fiestas.net/espana/30/,Virgen de la Antigua,Almuñécar,Granada,15 de agosto (Aprox.),,https://fiestas.net/almunecar/,Virgen de la Antigua,
325,https://fiestas.net/espana/30/,Ntra. Sra. de la Asunción y San Roque,Amurrio,Álava,del 15 de agosto al 16 de agosto,,https://fiestas.net/amurrio/,Ntra. Sra. de la Asunción y San Roque,
326,https://fiestas.net/espana/30/,Nuestra Señora del Mar,Cedeira,A Coruña,15 de agosto (Aprox.),,https://fiestas.net/cedeira/,Nuestra Señora del Mar,
327,https://fiestas.net/espana/30/,Noche del Vino,Cómpeta,Málaga,15 de agosto (Aprox.),,https://fiestas.net/competa/,Noche del Vino,
328,https://fiestas.net/espana/30/,Semana Grande,Gijón,Asturias,15 de agosto (Aprox.),,https://fiestas.net/gijon/,Semana Grande,
329,https://fiestas.net/espana/30/,Feria y Fiestas,Jumilla,Murcia,15 de agosto (Aprox.),,https://fiestas.net/jumilla/,Feria y Fiestas,
330,https://fiestas.net/espana/30/,Virgen de la Asunción,La Alberca,Salamanca,15 de agosto (Aprox.),,https://fiestas.net/la-alberca/,Virgen de la Asunción,
331,https://fiestas.net/espana/30/,Festas Patronais,Laxe,A Coruña,del 15 de agosto al 17 de agosto,,https://fiestas.net/laxe/,Festas Patronais,
332,https://fiestas.net/espana/30/,Nuestra Señora de Butarque,Leganés,Madrid,15 de agosto (Aprox.),,https://fiestas.net/leganes/,Nuestra Señora de Butarque,
333,https://fiestas.net/espana/31/,Fiestas de Llodio 2018,Llodio,Álava,del 15 de agosto al 26 de agosto,https://fiestas.net/llodio/2018/,https://fiestas.net/llodio/,,Fiestas de Llodio 2018
334,https://fiestas.net/espana/31/,Virgen de la Cabeza,Motril,Granada,15 de agosto (Aprox.),,https://fiestas.net/motril/,Virgen de la Cabeza,
335,https://fiestas.net/espana/31/,Fiesta del Alba,Quirós,Asturias,15 de agosto (Aprox.),,https://fiestas.net/quiros/,Fiesta del Alba,
336,https://fiestas.net/espana/31/,Nuestra Señora de la Caridad,Sanlúcar de Barrameda,Cádiz,15 de agosto (Aprox.),,https://fiestas.net/sanlucar-barrameda/,Nuestra Señora de la Caridad,
337,https://fiestas.net/espana/31/,Nuestra Señora del Rosario,Valdés,Asturias,15 de agosto (Aprox.),,https://fiestas.net/valdes/,Nuestra Señora del Rosario,
338,https://fiestas.net/espana/31/,San Roque,Bergondo,A Coruña,16 de agosto (Aprox.),,https://fiestas.net/bergondo/,San Roque,
339,https://fiestas.net/espana/31/,La Gata Negra,Carasa,Cantabria,16 de agosto (Aprox.),,https://fiestas.net/carasa/,La Gata Negra,
340,https://fiestas.net/espana/31/,San Roque,Navia,Asturias,16 de agosto (Aprox.),,https://fiestas.net/navia/,San Roque,
341,https://fiestas.net/espana/31/,San Roque,Portugalete,Vizcaya,16 de agosto (Aprox.),,https://fiestas.net/portugalete/,San Roque,
342,https://fiestas.net/espana/31/,Feria de Almería,Almería,,18 de agosto (Aprox.),,https://fiestas.net/almeria/,Feria de Almería,
343,https://fiestas.net/espana/32/,Feria de Málaga,Málaga,,19 de agosto (Aprox.),,https://fiestas.net/malaga/,Feria de Málaga,
344,https://fiestas.net/espana/32/,Semana Grande,Bilbao,Vizcaya,20 de agosto (Aprox.),,https://fiestas.net/bilbao/,Semana Grande,
345,https://fiestas.net/espana/32/,Real Feria de Agosto,Antequera,Málaga,20 de agosto (Aprox.),,https://fiestas.net/antequera/,Real Feria de Agosto,
346,https://fiestas.net/espana/32/,Cristo de la Fe,Paterna,Valencia,20 de agosto (Aprox.),,https://fiestas.net/paterna/,Cristo de la Fe,
347,https://fiestas.net/espana/32/,El Alcalde de Zalamea,Zalamea de la Serena,Badajoz,20 de agosto (Aprox.),,https://fiestas.net/zalamea-la-serena/,El Alcalde de Zalamea,
348,https://fiestas.net/espana/32/,Fiestas de San Bartolomé,Alcalá de Henares,Madrid,24 de agosto (Aprox.),,https://fiestas.net/alcala-henares/,Fiestas de San Bartolomé,
349,https://fiestas.net/espana/32/,Fiesta Mayor,Arbós,Tarragona,24 de agosto (Aprox.),,https://fiestas.net/arbos/,Fiesta Mayor,
350,https://fiestas.net/espana/32/,Feria de San Bartolomé,Martos,Jaén,24 de agosto (Aprox.),,https://fiestas.net/martos/,Feria de San Bartolomé,
351,https://fiestas.net/espana/32/,Fiestas de Moros y Cristianos,Onteniente,Valencia,24 de agosto (Aprox.),,https://fiestas.net/onteniente/,Fiestas de Moros y Cristianos,
352,https://fiestas.net/espana/32/,San Bartolomé,Sitges,Barcelona,24 de agosto (Aprox.),,https://fiestas.net/sitges/,San Bartolomé,
353,https://fiestas.net/espana/33/,San Bartolomé,Villarramiel,Palencia,24 de agosto (Aprox.),,https://fiestas.net/villarramiel/,San Bartolomé,
354,https://fiestas.net/espana/33/,Aquelarre,Cervera,Lérida,25 de agosto (Aprox.),,https://fiestas.net/cervera/,Aquelarre,
355,https://fiestas.net/espana/33/,Feria y Fiestas de San Julián,Cuenca,,25 de agosto (Aprox.),,https://fiestas.net/cuenca/,Feria y Fiestas de San Julián,
356,https://fiestas.net/espana/33/,Festa da Istoria,Ribadavia,Ourense,25 de agosto (Aprox.),,https://fiestas.net/ribadavia/,Festa da Istoria,
357,https://fiestas.net/espana/33/,Cristo de los Remedios,San Sebastián de los Reyes,Madrid,del 25 de agosto al 31 de agosto,,https://fiestas.net/san-sebastian-los-reyes/,Cristo de los Remedios,
358,https://fiestas.net/espana/33/,San Ginés,Arrecife,Las Palmas,25 de agosto (Aprox.),,https://fiestas.net/arrecife/,San Ginés,
359,https://fiestas.net/espana/33/,Fiestas de Santa Marta,Astorga,León,25 de agosto (Aprox.),,https://fiestas.net/astorga/,Fiestas de Santa Marta,
360,https://fiestas.net/espana/33/,Batalla de Flores,Laredo,Cantabria,25 de agosto (Aprox.),,https://fiestas.net/laredo/,Batalla de Flores,
361,https://fiestas.net/espana/33/,San Antolín,Palencia,,del 26 de agosto al 3 de septiembre,,https://fiestas.net/palencia/,San Antolín,
362,https://fiestas.net/espana/33/,La Tomatina,Buñol,Valencia,27 de agosto (Aprox.),,https://fiestas.net/bunol/,La Tomatina,
363,https://fiestas.net/espana/34/,San Atilano-El Cipotegato,Tarazona,Zaragoza,27 de agosto (Aprox.),,https://fiestas.net/tarazona/,San Atilano-El Cipotegato,
364,https://fiestas.net/espana/34/,Feria de San Agustín,Linares,Jaén,28 de agosto (Aprox.),,https://fiestas.net/linares/,Feria de San Agustín,
365,https://fiestas.net/espana/34/,Fiestas de Toros,Sepúlveda,Segovia,28 de agosto (Aprox.),,https://fiestas.net/sepulveda/,Fiestas de Toros,
366,https://fiestas.net/espana/34/,San Agustín,Toro,Zamora,28 de agosto (Aprox.),,https://fiestas.net/toro/,San Agustín,
367,https://fiestas.net/espana/34/,San Juan Degollado,Bakio,Vizcaya,29 de agosto (Aprox.),,https://fiestas.net/bakio/,San Juan Degollado,
368,https://fiestas.net/espana/34/,Los Corazones de Tejina,San Cristóbal de La Laguna,Tenerife,29 de agosto (Aprox.),,https://fiestas.net/san-cristobal-laguna/,Los Corazones de Tejina,
369,https://fiestas.net/espana/34/,Fiesta Mayor de Manresa,Manresa,Barcelona,30 de agosto (Aprox.),,https://fiestas.net/manresa/,Fiesta Mayor de Manresa,
370,https://fiestas.net/espana/34/,Santos Mártires,Val de San Vicente,Cantabria,30 de agosto (Aprox.),,https://fiestas.net/val-san-vicente/,Santos Mártires,
371,https://fiestas.net/espana/34/,Los Encierros de Cuéllar,Cuéllar,Segovia,31 de agosto (Aprox.),,https://fiestas.net/cuellar/,Los Encierros de Cuéllar,
372,https://fiestas.net/espana/34/,Feria de Almansa,Almansa,Albacete,31 de agosto (Aprox.),,https://fiestas.net/almansa/,Feria de Almansa,
373,https://fiestas.net/espana/35/,San Ramón,Ferrol,A Coruña,31 de agosto (Aprox.),,https://fiestas.net/ferrol/,San Ramón,
374,https://fiestas.net/espana/35/,Feria de Guadix,Guadix,Granada,31 de agosto (Aprox.),,https://fiestas.net/guadix/,Feria de Guadix,
375,https://fiestas.net/espana/35/,Feria y Fiestas,Illescas,Toledo,31 de agosto (Aprox.),,https://fiestas.net/illescas/,Feria y Fiestas,
376,https://fiestas.net/espana/35/,Fiesta de las Guerras Cántabras,Los Corrales de Buelna,Cantabria,31 de agosto (Aprox.),,https://fiestas.net/los-corrales-buelna/,Fiesta de las Guerras Cántabras,
377,https://fiestas.net/espana/35/,Fiestas de La Alegría,Valmojado,Toledo,31 de agosto (Aprox.),,https://fiestas.net/valmojado/,Fiestas de La Alegría,
378,https://fiestas.net/espana/35/,San Ramón,Vilalba,Lugo,31 de agosto (Aprox.),,https://fiestas.net/vilalba/,San Ramón,
379,https://fiestas.net/espana/35/,Feria de Septiembre,Mérida,Badajoz,del 1 de septiembre al 5 de septiembre,,https://fiestas.net/merida/,Feria de Septiembre,
380,https://fiestas.net/espana/35/,Fiesta de la Vendimia Montilla-Moriles,Montilla,Córdoba,1 de septiembre (Aprox.),,https://fiestas.net/montilla/,Fiesta de la Vendimia Montilla-Moriles,
381,https://fiestas.net/espana/35/,Fiesta de la Vendimia,Requena,Valencia,1 de septiembre (Aprox.),,https://fiestas.net/requena/,Fiesta de la Vendimia,
382,https://fiestas.net/espana/35/,Virgen de las Cruces,Daimiel,Ciudad Real,del 1 de septiembre al 5 de septiembre,,https://fiestas.net/daimiel/,Virgen de las Cruces,
383,https://fiestas.net/espana/36/,San Gil,Enguera,Valencia,1 de septiembre (Aprox.),,https://fiestas.net/enguera/,San Gil,
384,https://fiestas.net/espana/36/,Motín de Aranjuez,Aranjuez,Madrid,2 de septiembre (Aprox.),,https://fiestas.net/aranjuez/,Motín de Aranjuez,
385,https://fiestas.net/espana/36/,Fiesta del Ajoblanco,Almáchar,Málaga,2 de septiembre (Aprox.),,https://fiestas.net/almachar/,Fiesta del Ajoblanco,
386,https://fiestas.net/espana/36/,"San Antolín ""Gansos""",Lekeitio,Vizcaya,2 de septiembre (Aprox.),,https://fiestas.net/lekeitio/,"San Antolín ""Gansos""",
387,https://fiestas.net/espana/36/,San Antolín,Medina del Campo,Valladolid,2 de septiembre (Aprox.),,https://fiestas.net/medina-del-campo/,San Antolín,
388,https://fiestas.net/espana/36/,Feria y Fiestas de Pedro Romero,Ronda,Málaga,2 de septiembre (Aprox.),,https://fiestas.net/ronda/,Feria y Fiestas de Pedro Romero,
389,https://fiestas.net/espana/36/,Bajada de Jesús,Almazán,Soria,3 de septiembre (Aprox.),,https://fiestas.net/almazan/,Bajada de Jesús,
390,https://fiestas.net/espana/36/,Cristo de la Fe,Carranque,Toledo,3 de septiembre (Aprox.),,https://fiestas.net/carranque/,Cristo de la Fe,
391,https://fiestas.net/espana/36/,Fiestas de la Encina,Ponferrada,León,del 4 de septiembre al 10 de septiembre,,https://fiestas.net/ponferrada/,Fiestas de la Encina,
392,https://fiestas.net/espana/36/,"Fiesta del Cocido Montañés, Ucieda",Ruente,Cantabria,4 de septiembre (Aprox.),,https://fiestas.net/ruente/,"Fiesta del Cocido Montañés, Ucieda",
393,https://fiestas.net/espana/37/,Fiesta Mayor,Sabadell,Barcelona,4 de septiembre (Aprox.),,https://fiestas.net/sabadell/,Fiesta Mayor,
394,https://fiestas.net/espana/37/,Fiesta Mayor,Santa Coloma de Gramanet,Barcelona,4 de septiembre (Aprox.),,https://fiestas.net/santa-coloma-gramanet/,Fiesta Mayor,
395,https://fiestas.net/espana/37/,Virgen de las Virtudes,Villena,Alicante,del 4 de septiembre al 9 de septiembre,,https://fiestas.net/villena/,Virgen de las Virtudes,
396,https://fiestas.net/espana/37/,Feria de la Vendimia,Villanueva del Ariscal,Sevilla,5 de septiembre (Aprox.),,https://fiestas.net/villanueva-del-ariscal/,Feria de la Vendimia,
397,https://fiestas.net/espana/37/,Romería al Santo Alto Rey de la Majestad,Bustares,Guadalajara,6 de septiembre (Aprox.),,https://fiestas.net/bustares/,Romería al Santo Alto Rey de la Majestad,
398,https://fiestas.net/espana/37/,Fiestas patronales de Moros y Cristianos,Caudete,Albacete,del 6 de septiembre al 10 de septiembre,,https://fiestas.net/caudete/,Fiestas patronales de Moros y Cristianos,
399,https://fiestas.net/espana/37/,Feria de Albacete,Albacete,,del 7 de septiembre al 17 de septiembre,,https://fiestas.net/albacete/,Feria de Albacete,
400,https://fiestas.net/espana/37/,Virgen de la Vega,Salamanca,,del 7 de septiembre al 15 de septiembre,,https://fiestas.net/salamanca/,Virgen de la Vega,
401,https://fiestas.net/espana/37/,Mare de Déu de la Salut,Algemesí,Valencia,del 7 de septiembre al 8 de septiembre,,https://fiestas.net/algemesi/,Mare de Déu de la Salut,
402,https://fiestas.net/espana/37/,Fiesta Mayor de Solsona,Solsona,Lérida,del 7 de septiembre al 11 de septiembre,,https://fiestas.net/solsona/,Fiesta Mayor de Solsona,
403,https://fiestas.net/espana/38/,Romería Reina de los Ángeles,Alájar,Huelva,8 de septiembre (Aprox.),,https://fiestas.net/alajar/,Romería Reina de los Ángeles,
404,https://fiestas.net/espana/38/,Vírgen de la Antigua,Guadalajara,,8 de septiembre (Aprox.),,https://fiestas.net/guadalajara/,Vírgen de la Antigua,
405,https://fiestas.net/espana/38/,Nuestra Señora de la Cinta,Huelva,,8 de septiembre (Aprox.),,https://fiestas.net/huelva/,Nuestra Señora de la Cinta,
406,https://fiestas.net/espana/38/,Fiestas Patronales,Segorbe,Castellón,8 de septiembre (Aprox.),,https://fiestas.net/segorbe/,Fiestas Patronales,
407,https://fiestas.net/espana/38/,Virgen de Sales,Sueca,Valencia,8 de septiembre (Aprox.),,https://fiestas.net/sueca/,Virgen de Sales,
408,https://fiestas.net/espana/38/,Virgen de San Lorenzo,Valladolid,,8 de septiembre (Aprox.),,https://fiestas.net/valladolid/,Virgen de San Lorenzo,
409,https://fiestas.net/espana/38/,Nuestra Señora de los Remedios,Alcorcón,Madrid,8 de septiembre (Aprox.),,https://fiestas.net/alcorcon/,Nuestra Señora de los Remedios,
410,https://fiestas.net/espana/38/,Virgen de El Castañar,Béjar,Salamanca,8 de septiembre (Aprox.),,https://fiestas.net/bejar/,Virgen de El Castañar,
411,https://fiestas.net/espana/38/,Romería de los Remedios,Betanzos,A Coruña,8 de septiembre (Aprox.),,https://fiestas.net/betanzos/,Romería de los Remedios,
412,https://fiestas.net/espana/38/,Virgen de la Peña,Calatayud,Zaragoza,8 de septiembre (Aprox.),,https://fiestas.net/calatayud/,Virgen de la Peña,
413,https://fiestas.net/espana/39/,Procesión del Fuego,Humanes,Guadalajara,8 de septiembre (Aprox.),,https://fiestas.net/humanes/,Procesión del Fuego,
414,https://fiestas.net/espana/39/,Virgen de Guía,Llanes,Asturias,8 de septiembre (Aprox.),,https://fiestas.net/llanes/,Virgen de Guía,
415,https://fiestas.net/espana/39/,Virgen de la Consolación,Molina de Segura,Murcia,8 de septiembre (Aprox.),,https://fiestas.net/molina-segura/,Virgen de la Consolación,
416,https://fiestas.net/espana/39/,Virgen de Loreto,Mutxamel,Alicante,8 de septiembre (Aprox.),,https://fiestas.net/mutxamel/,Virgen de Loreto,
417,https://fiestas.net/espana/39/,Fiestas del Tura,Olot,Gerona,8 de septiembre (Aprox.),,https://fiestas.net/olot/,Fiestas del Tura,
418,https://fiestas.net/espana/39/,Nuestra Señora de La Soledad,Parla,Madrid,8 de septiembre (Aprox.),,https://fiestas.net/parla/,Nuestra Señora de La Soledad,
419,https://fiestas.net/espana/39/,Virgen de Valencia,Piélagos,Cantabria,8 de septiembre (Aprox.),,https://fiestas.net/pielagos/,Virgen de Valencia,
420,https://fiestas.net/espana/39/,Festas da Guadalupe,Rianxo,A Coruña,8 de septiembre (Aprox.),,https://fiestas.net/rianjo/,Festas da Guadalupe,
421,https://fiestas.net/espana/39/,Romería de Hontanares,Riaza,Segovia,8 de septiembre (Aprox.),,https://fiestas.net/riaza/,Romería de Hontanares,
422,https://fiestas.net/espana/39/,Nuestra Señora del Pino,Teror,Las Palmas,8 de septiembre (Aprox.),,https://fiestas.net/teror/,Nuestra Señora del Pino,
423,https://fiestas.net/espana/40/,Fiesta del Vino y la Vendimia,Valdepeñas,Ciudad Real,8 de septiembre (Aprox.),,https://fiestas.net/valdepenas/,Fiesta del Vino y la Vendimia,
424,https://fiestas.net/espana/40/,Nuestra Señora de la Coronada y de la Vendimia,Villafranca de los Barros,Badajoz,8 de septiembre (Aprox.),,https://fiestas.net/villafranca-los-barros/,Nuestra Señora de la Coronada y de la Vendimia,
425,https://fiestas.net/espana/40/,Cascamorras,Guadix,Granada,9 de septiembre (Aprox.),,https://fiestas.net/guadix/,Cascamorras,
426,https://fiestas.net/espana/40/,Fiestas del Cristo,San Cristóbal de La Laguna,Tenerife,del 9 de septiembre al 14 de septiembre,,https://fiestas.net/san-cristobal-laguna/,Fiestas del Cristo,
427,https://fiestas.net/espana/40/,Feria de Murcia,Murcia,,12 de septiembre (Aprox.),,https://fiestas.net/murcia/,Feria de Murcia,
428,https://fiestas.net/espana/40/,Fiestas Patronales,Aranda de Duero,Burgos,12 de septiembre (Aprox.),,https://fiestas.net/aranda-duero/,Fiestas Patronales,
429,https://fiestas.net/espana/40/,Santo Cristo y San Vicente Ferrer,Graus,Huesca,del 12 de septiembre al 15 de septiembre,,https://fiestas.net/graus/,Santo Cristo y San Vicente Ferrer,
430,https://fiestas.net/espana/40/,Virgen de los Santos,Móstoles,Madrid,12 de septiembre (Aprox.),,https://fiestas.net/mostoles/,Virgen de los Santos,
431,https://fiestas.net/espana/40/,Santísimo Cristo,Candás,Asturias,del 13 de septiembre al 15 de septiembre,,https://fiestas.net/candas/,Santísimo Cristo,
432,https://fiestas.net/espana/40/,Feria,Coria del Río,Sevilla,14 de septiembre (Aprox.),,https://fiestas.net/coria-del-rio/,Feria,
433,https://fiestas.net/espana/41/,Fiestas de Fuenlabrada,Fuenlabrada,Madrid,14 de septiembre (Aprox.),,https://fiestas.net/fuenlabrada/,Fiestas de Fuenlabrada,
434,https://fiestas.net/espana/41/,Exaltación de la Santa Cruz,Galdácano,Vizcaya,14 de septiembre (Aprox.),,https://fiestas.net/galdacano/,Exaltación de la Santa Cruz,
435,https://fiestas.net/espana/41/,Santísimo Cristo de la Expiración,Nava de la Asunción,Segovia,14 de septiembre (Aprox.),,https://fiestas.net/nava-la-asuncion/,Santísimo Cristo de la Expiración,
436,https://fiestas.net/espana/41/,Santa Cruz,Novallas,Zaragoza,14 de septiembre (Aprox.),,https://fiestas.net/novallas/,Santa Cruz,
437,https://fiestas.net/espana/41/,Feria,Yecla,Murcia,14 de septiembre (Aprox.),,https://fiestas.net/yecla/,Feria,
438,https://fiestas.net/espana/41/,Fiestas de Carthagineses y Romanos,Cartagena,Murcia,20 de septiembre (Aprox.),,https://fiestas.net/cartagena/,Fiestas de Carthagineses y Romanos,
439,https://fiestas.net/espana/41/,Feria y Fiesta de la Vendimia,Cigales,Valladolid,20 de septiembre (Aprox.),,https://fiestas.net/cigales/,Feria y Fiesta de la Vendimia,
440,https://fiestas.net/espana/41/,Nazareno,A Pobra do Caramiñal,A Coruña,20 de septiembre (Aprox.),,https://fiestas.net/pobra-do-caraminal/,Nazareno,
441,https://fiestas.net/espana/41/,Feria y Fiestas,Lorca,Murcia,20 de septiembre (Aprox.),,https://fiestas.net/lorca/,Feria y Fiestas,
442,https://fiestas.net/espana/41/,San Mateo,Logroño,La Rioja,21 de septiembre (Aprox.),,https://fiestas.net/logrono/,San Mateo,
443,https://fiestas.net/espana/42/,San Mateo,Oviedo,Asturias,21 de septiembre (Aprox.),,https://fiestas.net/oviedo/,San Mateo,
444,https://fiestas.net/espana/42/,Feria y Fiestas de San Mateo,Villamartín,Cádiz,21 de septiembre (Aprox.),,https://fiestas.net/villamartin/,Feria y Fiestas de San Mateo,
445,https://fiestas.net/espana/42/,San Mateo,Cuenca,,21 de septiembre (Aprox.),,https://fiestas.net/cuenca/,San Mateo,
446,https://fiestas.net/espana/42/,Feria de San Mateo,Reinosa,Cantabria,21 de septiembre (Aprox.),,https://fiestas.net/reinosa/,Feria de San Mateo,
447,https://fiestas.net/espana/42/,Ferias de San Mateo,Talavera de la Reina,Toledo,21 de septiembre (Aprox.),,https://fiestas.net/talavera-la-reina/,Ferias de San Mateo,
448,https://fiestas.net/espana/42/,Fiestas Mayores,Azuqueca de Henares,Guadalajara,22 de septiembre (Aprox.),,https://fiestas.net/azuqueca-henares/,Fiestas Mayores,
449,https://fiestas.net/espana/42/,Santa Tecla,Tarragona,,23 de septiembre (Aprox.),,https://fiestas.net/tarragona/,Santa Tecla,
450,https://fiestas.net/espana/42/,Fiestas de La Merced,Barcelona,,24 de septiembre (Aprox.),,https://fiestas.net/barcelona/,Fiestas de La Merced,
451,https://fiestas.net/espana/42/,Nosa Señora da Mercede,Chanteiro,A Coruña,24 de septiembre (Aprox.),,https://fiestas.net/chanteiro/,Nosa Señora da Mercede,
452,https://fiestas.net/espana/42/,Fiestas de la Misericordia,Reus,Tarragona,25 de septiembre (Aprox.),,https://fiestas.net/reus/,Fiestas de la Misericordia,
453,https://fiestas.net/espana/43/,Los Mártires,Insierto,Asturias,27 de septiembre (Aprox.),,https://fiestas.net/insierto/,Los Mártires,
454,https://fiestas.net/espana/43/,Día de Campoo,Reinosa,Cantabria,27 de septiembre (Aprox.),,https://fiestas.net/reinosa/,Día de Campoo,
455,https://fiestas.net/espana/43/,Feria de San Miguel,Úbeda,Jaén,del 27 de septiembre al 4 de octubre,,https://fiestas.net/ubeda/,Feria de San Miguel,
456,https://fiestas.net/espana/43/,Feria de San Miguel,Torremolinos,Málaga,29 de septiembre (Aprox.),,https://fiestas.net/torremolinos/,Feria de San Miguel,
457,https://fiestas.net/espana/43/,Virgen del Buen Suceso,Almenara,Castellón,29 de septiembre (Aprox.),,https://fiestas.net/almenara/,Virgen del Buen Suceso,
458,https://fiestas.net/espana/43/,Fiestas de Otoño,Lérida,,29 de septiembre (Aprox.),,https://fiestas.net/lerida/,Fiestas de Otoño,
459,https://fiestas.net/espana/43/,San Miguel,Lituénigo,Zaragoza,29 de septiembre (Aprox.),,https://fiestas.net/lituenigo/,San Miguel,
460,https://fiestas.net/espana/43/,San Miguel y San Jerónimo,Olmedo,Valladolid,del 29 de septiembre al 30 de septiembre,,https://fiestas.net/olmedo/,San Miguel y San Jerónimo,
461,https://fiestas.net/espana/43/,Feria y Fiestas,Gandía,Valencia,30 de septiembre (Aprox.),,https://fiestas.net/gandia/,Feria y Fiestas,
462,https://fiestas.net/espana/43/,Feria de Hellín,Hellín,Albacete,30 de septiembre (Aprox.),,https://fiestas.net/hellin/,Feria de Hellín,
463,https://fiestas.net/espana/44/,San Saturio,Soria,,1 de octubre (Aprox.),,https://fiestas.net/soria/,San Saturio,
464,https://fiestas.net/espana/44/,Virgen del Rosario,Torrejón de Ardoz,Madrid,1 de octubre (Aprox.),,https://fiestas.net/torrejon-ardoz/,Virgen del Rosario,
465,https://fiestas.net/espana/44/,Sagrada Familia y Santísimo Cristo,Vall de Uxó,Castellón,1 de octubre (Aprox.),,https://fiestas.net/vall-uxo/,Sagrada Familia y Santísimo Cristo,
466,https://fiestas.net/espana/44/,San Froilán,Lugo,,del 4 de octubre al 12 de octubre,,https://fiestas.net/lugo/,San Froilán,
467,https://fiestas.net/espana/44/,San Froilán,León,,4 de octubre (Aprox.),,https://fiestas.net/leon/,San Froilán,
468,https://fiestas.net/espana/44/,Feria Grande,Castril,Granada,5 de octubre (Aprox.),,https://fiestas.net/castril/,Feria Grande,
469,https://fiestas.net/espana/44/,San Froilán,Valverde de la Virgen,León,5 de octubre (Aprox.),,https://fiestas.net/valverde-la-virgen/,San Froilán,
470,https://fiestas.net/espana/44/,Nuestra Señora del Rosario,Agüimes,Las Palmas,7 de octubre (Aprox.),,https://fiestas.net/aguimes/,Nuestra Señora del Rosario,
471,https://fiestas.net/espana/44/,Nuestra Señora del Rosario,A Coruña,,7 de octubre (Aprox.),,https://fiestas.net/coruna/,Nuestra Señora del Rosario,
472,https://fiestas.net/espana/44/,Virgen del Rosario,Gádor,Almería,7 de octubre (Aprox.),,https://fiestas.net/gador/,Virgen del Rosario,
473,https://fiestas.net/espana/45/,Fiestas de Octubre,Torre-Pacheco,Murcia,7 de octubre (Aprox.),,https://fiestas.net/torre-pacheco/,Fiestas de Octubre,
474,https://fiestas.net/espana/45/,San Nicasio,Leganés,Madrid,11 de octubre (Aprox.),,https://fiestas.net/leganes/,San Nicasio,
475,https://fiestas.net/espana/45/,Fiestas del Pilar,Fraga,Huesca,12 de octubre (Aprox.),,https://fiestas.net/fraga/,Fiestas del Pilar,
476,https://fiestas.net/espana/45/,El Pilar,Zaragoza,,12 de octubre (Aprox.),,https://fiestas.net/zaragoza/,El Pilar,
477,https://fiestas.net/espana/45/,San Fausto,Basauri,Vizcaya,13 de octubre (Aprox.),,https://fiestas.net/basauri/,San Fausto,
478,https://fiestas.net/espana/45/,San Fausto,Durango,Vizcaya,13 de octubre (Aprox.),,https://fiestas.net/durango/,San Fausto,
479,https://fiestas.net/espana/45/,Santa Teresa,Alba de Tormes,Salamanca,15 de octubre (Aprox.),,https://fiestas.net/alba-tormes/,Santa Teresa,
480,https://fiestas.net/espana/45/,Fiestas de Santa Teresa,Ávila,,15 de octubre (Aprox.),,https://fiestas.net/avila/,Fiestas de Santa Teresa,
481,https://fiestas.net/espana/45/,Feria de San Lucas,Jaén,,18 de octubre (Aprox.),,https://fiestas.net/jaen/,Feria de San Lucas,
482,https://fiestas.net/espana/45/,Feiras e Festas de As San Lucas,Mondoñedo,Lugo,18 de octubre (Aprox.),,https://fiestas.net/mondonedo/,Feiras e Festas de As San Lucas,
483,https://fiestas.net/espana/46/,Feria y Fiestas San Pedro Alcántara,San Pedro Alcántara,Málaga,18 de octubre (Aprox.),,https://fiestas.net/san-pedro-alcantara/,Feria y Fiestas San Pedro Alcántara,
484,https://fiestas.net/espana/46/,Fiesta del Cristo,Benamocarra,Málaga,20 de octubre (Aprox.),,https://fiestas.net/benamocarra/,Fiesta del Cristo,
485,https://fiestas.net/espana/46/,Fiesta de la Rosa del Azafrán,Consuegra,Toledo,28 de octubre (Aprox.),,https://fiestas.net/consuegra/,Fiesta de la Rosa del Azafrán,
486,https://fiestas.net/espana/46/,San Narciso,Gerona,,29 de octubre (Aprox.),,https://fiestas.net/gerona/,San Narciso,
487,https://fiestas.net/espana/46/,Último Lunes de Octubre,Guernica y Luno,Vizcaya,29 de octubre (Aprox.),,https://fiestas.net/guernica-y-luno/,Último Lunes de Octubre,
488,https://fiestas.net/espana/46/,Feria de Ganado,Albuñol,Granada,30 de octubre (Aprox.),,https://fiestas.net/albunol/,Feria de Ganado,
489,https://fiestas.net/espana/46/,Feria de Todos los Santos,Cocentaina,Alicante,1 de noviembre (Aprox.),,https://fiestas.net/cocentaina/,Feria de Todos los Santos,
490,https://fiestas.net/espana/46/,Los Humanitarios de San Martín,Moreda,Asturias,11 de noviembre (Aprox.),,https://fiestas.net/moreda/,Los Humanitarios de San Martín,
491,https://fiestas.net/espana/46/,Fiesta del Orujo,Potes,Cantabria,11 de noviembre (Aprox.),,https://fiestas.net/potes/,Fiesta del Orujo,
492,https://fiestas.net/espana/46/,San Diego de Alcalá,Cuevas del Almanzora,Almería,13 de noviembre (Aprox.),,https://fiestas.net/cuevas-del-almanzora/,San Diego de Alcalá,
493,https://fiestas.net/espana/47/,Dijous Bo,Inca,Baleares,15 de noviembre (Aprox.),,https://fiestas.net/inca/,Dijous Bo,
494,https://fiestas.net/espana/47/,Fiestas de San Gregorio,Telde,Las Palmas,17 de noviembre (Aprox.),,https://fiestas.net/telde/,Fiestas de San Gregorio,
495,https://fiestas.net/espana/47/,"San Andrés, Carnoedo",Sada,A Coruña,del 26 de noviembre al 30 de noviembre,,https://fiestas.net/sada/,"San Andrés, Carnoedo",
496,https://fiestas.net/espana/47/,San Andrés,Castro-Urdiales,Cantabria,30 de noviembre (Aprox.),,https://fiestas.net/castro-urdiales/,San Andrés,
497,https://fiestas.net/espana/47/,Los Pegotes,Nava del Rey,Valladolid,30 de noviembre (Aprox.),,https://fiestas.net/nava-del-rey/,Los Pegotes,
498,https://fiestas.net/espana/47/,Feria de la Purísima,San Baudilio de Llobregat,Barcelona,del 6 de diciembre al 8 de diciembre,,https://fiestas.net/san-baudilio-llobregat/,Feria de la Purísima,
499,https://fiestas.net/espana/47/,Los Escobazos,Jarandilla de la Vera,Cáceres,7 de diciembre (Aprox.),,https://fiestas.net/jarandilla-la-vera/,Los Escobazos,
500,https://fiestas.net/espana/47/,El Vítor,Horcajo de Santiago,Cuenca,7 de diciembre (Aprox.),,https://fiestas.net/horcajo-santiago/,El Vítor,
501,https://fiestas.net/espana/47/,Inmaculada Concepción,Torrevieja,Alicante,8 de diciembre (Aprox.),,https://fiestas.net/torrevieja/,Inmaculada Concepción,
502,https://fiestas.net/espana/47/,Fiesta del Mosto y la Chacina,Colmenar,Málaga,10 de diciembre (Aprox.),,https://fiestas.net/colmenar/,Fiesta del Mosto y la Chacina,
503,https://fiestas.net/espana/48/,Virxe da O,Pontevedra,,18 de diciembre (Aprox.),,https://fiestas.net/pontevedra/,Virxe da O,
504,https://fiestas.net/espana/48/,Feria de Santo Tomás,San Sebastián,Guipúzcoa,21 de diciembre (Aprox.),,https://fiestas.net/san-sebastian/,Feria de Santo Tomás,
505,https://fiestas.net/espana/48/,CarnavAlcázar,Alcázar de San Juan,Ciudad Real,del 25 de diciembre al 28 de diciembre,,https://fiestas.net/alcazar-san-juan/,CarnavAlcázar,
506,https://fiestas.net/espana/48/,San Esteban,Echévarri,Vizcaya,26 de diciembre (Aprox.),,https://fiestas.net/echevarri/,San Esteban,
507,https://fiestas.net/espana/48/,Fiestas de la Venida de la Virgen,Elche,Alicante,del 28 de diciembre al 29 de diciembre,,https://fiestas.net/elche/,Fiestas de la Venida de la Virgen,
508,https://fiestas.net/espana/48/,Fiestas de Invierno,Ibi,Alicante,28 de diciembre (Aprox.),,https://fiestas.net/ibi/,Fiestas de Invierno,
509,https://fiestas.net/espana/48/,Los Locos,Jalance,Valencia,28 de diciembre (Aprox.),,https://fiestas.net/jalance/,Los Locos,
510,https://fiestas.net/espana/48/,Bautizo del Niño,Palencia,,1 de enero (Aprox.),,https://fiestas.net/palencia/,Bautizo del Niño,
511,https://fiestas.net/espana/48/,La Vijanera,Silió,Cantabria,3 de enero (Aprox.),,https://fiestas.net/silio/,La Vijanera,
512,https://fiestas.net/espana/48/,Cabalgata de Reyes de Alcoy,Alcoy,Alicante,5 de enero (Aprox.),,https://fiestas.net/alcoy/,Cabalgata de Reyes de Alcoy,
513,https://fiestas.net/espana/49/,Moros y Cristianos,Valverde de Júcar,Cuenca,del 5 de enero al 10 de enero,,https://fiestas.net/valverde-jucar/,Moros y Cristianos,
514,https://fiestas.net/espana/49/,Auto Sacramental de los Reyes Magos,Cañada,Alicante,del 6 de enero al 7 de enero,,https://fiestas.net/canada/,Auto Sacramental de los Reyes Magos,
515,https://fiestas.net/espana/49/,Festas de San Julián,Ferrol,A Coruña,7 de enero (Aprox.),,https://fiestas.net/ferrol/,Festas de San Julián,
516,https://fiestas.net/espana/49/,Sant Antoni Abad,Canals,Valencia,del 16 de enero al 18 de enero,,https://fiestas.net/canals/,Sant Antoni Abad,
517,https://fiestas.net/espana/49/,La Encamisá,Navalvillar de Pela,Badajoz,16 de enero (Aprox.),,https://fiestas.net/navalvillar-pela/,La Encamisá,
518,https://fiestas.net/espana/49/,San Antonio Abad,Benicasim,Castellón,17 de enero (Aprox.),,https://fiestas.net/benicasim/,San Antonio Abad,
519,https://fiestas.net/espana/49/,San Antón,Santa Eugenia de Berga,Barcelona,17 de enero (Aprox.),,https://fiestas.net/santa-eugenia-berga/,San Antón,
520,https://fiestas.net/espana/49/,San Sebastián,Palma,Baleares,20 de enero (Aprox.),,https://fiestas.net/palma/,San Sebastián,
521,https://fiestas.net/espana/49/,Tamborrada,San Sebastián,Guipúzcoa,20 de enero (Aprox.),,https://fiestas.net/san-sebastian/,Tamborrada,
522,https://fiestas.net/espana/49/,Las Carantoñas,Acehúche,Cáceres,del 20 de enero al 21 de enero,,https://fiestas.net/acehuche/,Las Carantoñas,
523,https://fiestas.net/espana/50/,San Sebastián,Huelva,,20 de enero (Aprox.),,https://fiestas.net/huelva/,San Sebastián,
524,https://fiestas.net/espana/50/,San Sebastián,Pontevedra,,20 de enero (Aprox.),,https://fiestas.net/pontevedra/,San Sebastián,
525,https://fiestas.net/espana/50/,La Perola de Vargas,Puente Viesgo,Cantabria,20 de enero (Aprox.),,https://fiestas.net/puente-viesgo/,La Perola de Vargas,
526,https://fiestas.net/espana/50/,San Vicente,Huesca,,22 de enero (Aprox.),,https://fiestas.net/huesca/,San Vicente,
527,https://fiestas.net/espana/50/,Las Paces,Villarta de San Juan,Ciudad Real,del 23 de enero al 26 de enero,,https://fiestas.net/villarta-san-juan/,Las Paces,
528,https://fiestas.net/espana/50/,Fiesta de la Vaca,San Pablo de los Montes,Toledo,24 de enero (Aprox.),,https://fiestas.net/san-pablo-los-montes/,Fiesta de la Vaca,
529,https://fiestas.net/espana/50/,Fiesta de las Cuadrillas,Barranda,Murcia,28 de enero (Aprox.),,https://fiestas.net/barranda/,Fiesta de las Cuadrillas,
530,https://fiestas.net/espana/50/,San Valero,Zaragoza,,29 de enero (Aprox.),,https://fiestas.net/zaragoza/,San Valero,
